-- phpMyAdmin SQL Dump
-- version 4.6.4
-- https://www.phpmyadmin.net/
--
-- Servidor: 127.0.0.1
-- Tiempo de generación: 09-08-2017 a las 22:24:16
-- Versión del servidor: 5.7.14
-- Versión de PHP: 5.6.25

SET SQL_MODE = "NO_AUTO_VALUE_ON_ZERO";
SET time_zone = "+00:00";


/*!40101 SET @OLD_CHARACTER_SET_CLIENT=@@CHARACTER_SET_CLIENT */;
/*!40101 SET @OLD_CHARACTER_SET_RESULTS=@@CHARACTER_SET_RESULTS */;
/*!40101 SET @OLD_COLLATION_CONNECTION=@@COLLATION_CONNECTION */;
/*!40101 SET NAMES utf8mb4 */;

--
-- Base de datos: `apifootball`
--

-- --------------------------------------------------------

--
-- Estructura de tabla para la tabla `catalogo_odds`
--

CREATE TABLE `catalogo_odds` (
  `ID_CATALOGO` varchar(30) NOT NULL,
  `NOMBRE` varchar(30) NOT NULL,
  `TOTAL_JUGADO` varchar(100) NOT NULL
) ENGINE=MyISAM DEFAULT CHARSET=latin1;

--
-- Volcado de datos para la tabla `catalogo_odds`
--

INSERT INTO `catalogo_odds` (`ID_CATALOGO`, `NOMBRE`, `TOTAL_JUGADO`) VALUES
('1.133016942', 'Goles 1ª parte 2.5', '0'),
('1.133016995', 'Doble oportunidad', '0'),
('1.133016997', 'Pumas UNAM +1', '0'),
('1.133016950', 'Próximo gol', '0'),
('1.133016943', 'Más/Menos de 8,5 Goles', '0'),
('1.133016946', 'Monterrey +1', '0'),
('1.133016947', 'Goles 1ª parte  0.5', '0'),
('1.133016996', 'Apuesta sin empate', '41.6128'),
('1.133016949', 'Goles 1ª parte 1.5', '0'),
('1.133016952', 'Descanso', '30.5594'),
('1.133016958', 'Descanso/final', '0'),
('1.133016944', '¿Marcarán ambos equipos?', '28.036624'),
('1.133016959', 'Más/Menos de 1.5 Goles', '52.172048'),
('1.133016948', 'Más/Menos de 0.5 Goles', '64.30478'),
('1.133016960', 'Más/Menos de 3.5 Goles', '7.984456'),
('1.133016957', 'Marcador al descanso', '0'),
('1.133016955', 'Más/Menos de 2.5 Goles', '947.458436'),
('1.133016998', 'Más/Menos de 7.5 Goles', '0'),
('1.133016954', 'Marcador correcto', '91.262072'),
('1.133016945', 'Cuotas de partido', '327.752816'),
('1.133016956', 'Más/Menos de 4.5 Goles', '24.031392'),
('1.133016953', 'Más/Menos de 5.5 Goles', '8.010464'),
('1.133016951', 'Más/Menos de 6.5 Goles', '8.166512'),
('1.133016961', 'Hándicap asiático', '31.2096');

-- --------------------------------------------------------

--
-- Estructura de tabla para la tabla `competencia`
--

CREATE TABLE `competencia` (
  `ID_COMPETENCIA` bigint(20) NOT NULL,
  `NOMBRE` varchar(30) NOT NULL,
  `REGION` varchar(30) DEFAULT NULL,
  `MARKET_COUNT` int(11) DEFAULT NULL
) ENGINE=InnoDB DEFAULT CHARSET=latin1;

--
-- Volcado de datos para la tabla `competencia`
--

INSERT INTO `competencia` (`ID_COMPETENCIA`, `NOMBRE`, `REGION`, `MARKET_COUNT`) VALUES
(9, 'Erste Liga', 'AUT', 120),
(13, 'Campeonato Brasileiro', 'BRA', 114),
(15, 'Premier búlgara', 'BGR', 102),
(17, 'Croatian Division 1', 'HRV', 98),
(21, 'Synot Liga', 'CZE', 104),
(23, 'Superliga Danesa', 'DNK', 93),
(25, 'División 1 danesa', 'DNK', 12),
(35, 'League One', 'GBR', 373),
(37, 'League Two', 'GBR', 343),
(41, 'National League North', 'GBR', 8),
(45, 'Veikkausliiga finlandesa', 'FIN', 96),
(47, 'Ykkonen finlandesa', 'FIN', 48),
(55, 'Ligue 1 Francesa', 'FRA', 336),
(57, 'French Ligue 2', 'FRA', 265),
(59, 'Bundesliga 1', 'DEU', 129),
(61, 'Bundesliga 2', 'DEU', 18),
(77, 'Airtricity Premier Division', 'IRL', 5),
(81, 'Serie A', 'ITA', 134),
(83, 'Serie B', 'ITA', 1),
(89, 'J League', 'JPN', 253),
(95, 'Norwegian 1 Division', 'NOR', 14),
(97, 'Ekstraklasa', 'POL', 24),
(99, 'Primeira Liga', 'PRT', 209),
(101, 'Premier Division', 'RUS', 116),
(103, 'Serbian Super Liga', 'SRB', 118),
(105, 'Premiership Escocesa', 'GBR', 179),
(107, 'Championship Escocesa', 'GBR', 121),
(109, 'League One Escocesa', 'GBR', 121),
(111, 'League Two Escocesa', 'GBR', 121),
(113, 'Slovakian Super Liga', 'SVK', 122),
(115, 'Slovenian Prva Liga', 'SVN', 98),
(117, 'Primera División', 'ESP', 23),
(119, 'Segunda División ', 'ESP', 1),
(129, 'Allsvenskan', 'SWE', 112),
(131, 'Superettan suceca', 'SWE', 120),
(133, 'Swiss Super League', 'CHE', 96),
(135, 'Swiss Challenge League', 'CHE', 99),
(139, 'Vischya Liga', 'UKR', 100),
(141, 'MLS', 'USA', 106),
(228, 'UEFA Champions League', 'International', 161),
(584, 'Supercopa de España', 'ESP', 15),
(1874, 'Coppa Italia', 'ITA', 565),
(2005, 'UEFA Europa League', 'International', 36),
(2134, 'EFL Carabao Cup', 'GBR', 293),
(4051, 'Norwegian Cup', 'NOR', 40),
(4655, 'Copa Sudamericana', 'International', 24),
(4905, 'Liga 1 rumana', 'ROU', 170),
(5754, 'Supercopa de Italia', 'ITA', 15),
(9513, 'Segunda Liga', 'PRT', 48),
(13051, 'Sub-19 Internacional', 'International', 48),
(24865, 'EA Sports Cup', 'IRL', 1),
(30558, 'English FA Cup', 'GBR', 2),
(30921, 'Copa danesa', 'DNK', 63),
(62815, 'Copa Libertadores', 'International', 199),
(89979, 'Jupiler League belga', 'BEL', 147),
(164952, 'Belgian Second Division', 'BEL', 24),
(194215, 'Super League turca', 'TUR', 267),
(309972, 'AFC Cup', 'Internatio', 24),
(318343, 'Regionalliga Nordost', 'DEU', 48),
(321319, '2 División Brasileña', 'BRA', 264),
(338432, 'Super copa Bulgaria', 'BUL', NULL),
(403085, 'Polish 1 Liga', 'POL', 24),
(744098, 'Primera chilena', 'CHL', 104),
(802004, 'Copa de Egipto', 'EGY', 15),
(803690, 'Primera A ecuatoriana', 'ECU', 48),
(839575, 'Primera de Paraguay', 'PRY', 72),
(844197, 'Colombian Primera A', 'COL', 96),
(853446, 'Saudí Premier', 'SAU', 48),
(854148, 'Copa Colombia', 'COL', 72),
(856134, 'Primera B Colombiana', 'COL', 24),
(862545, 'Meistriliiga de Estonia', 'EST', 72),
(862638, 'Czech 2 Liga', 'CZE', 124),
(867459, 'K League Koreana', 'KOR', 78),
(868392, 'Russian Youth League', 'RUS', 24),
(872215, 'Ukrainian Persha Liga', 'UKR', 216),
(873203, 'Esiliiga de Estonia', 'EST', 24),
(876442, 'Polish 2 Liga', 'POL', 72),
(879221, 'Liga A lituana', 'LTU', 48),
(879931, 'Chinese Super League', 'CHN', 73),
(880458, 'División 1 rusa', 'RUS', 33),
(887158, 'Urvalsdeild', 'ISL', 62),
(887178, 'Virsliga letona', 'LVA', 22),
(888275, 'Premier League Bielorrusia', 'BLR', 48),
(895129, 'Azerbaijan Premier', 'AZE', 24),
(905441, 'Icelandic First Division', 'ISL', 120),
(911286, 'Icelandic Premier League (Fem)', 'ISL', 72),
(920858, 'Norwegian 3 Division', 'NOR', 24),
(943450, 'Icelandic Second Division', 'ISL', 48),
(944127, 'Copa singapurense', 'SGP', 72),
(961354, 'Chilean Cup', 'CHL', 24),
(984404, 'Icelandic 1st Division (Fem)', 'ISL', 24),
(1032778, 'Copa Catalunya', 'ESP', 40),
(1038449, 'Copa de la Liga Escocesa', 'GBR', 82),
(1062024, 'J2 League', 'JPN', 264),
(1105022, 'Malaysia Cup', 'MYS', 175),
(1161205, 'Israeli Premier League Cup', 'ISR', 18),
(1979279, 'Copa Mexico', 'MEX', 120),
(1987477, 'Czech U19 League', 'CZE', 24),
(2079376, 'Costa Rican Primera Division', 'CRI', 24),
(2608550, 'Apuestas Especiales', 'International', 6),
(2888729, 'Armenian Premier League', 'ARM', 24),
(3004992, 'USL Pro', 'USA', 24),
(3037492, 'Beloften Pro League', 'BEL', 24),
(3126286, 'Icelandic Third Division', 'ISL', 24),
(3127716, 'Paulista U20', 'BRA', 134),
(3242333, 'National Soccer League (W)', 'USA', 24),
(3332575, 'Thailand Premier League', 'THA', 14),
(3583988, 'Copa Paulista', 'BRA', 72),
(3729355, 'Bolivian Liga Nacional A', 'BOL', 24),
(3765209, 'Vietnamese U21 Championship Qu', 'VNM', 145),
(4040072, 'Primera División georgiana', 'GEO', 48),
(5281887, 'Liga Kolmonen Finlandesa', 'FIN', 72),
(5388369, 'Bangladeshi Premier League', 'BGD', 19),
(5449376, 'Polish U19 Central Junior Leag', 'POL', 48),
(5614746, 'FIFA Mundial 2018', 'International', 10),
(5618298, 'Bulgarian B PFG', 'BGR', 24),
(5627174, 'Mexican Primera Division', 'MEX', 106),
(5982310, 'Copa Rio', 'BRA', 18),
(6366702, 'Shillong Premier League', 'IND', 24),
(7129730, 'The Championship', 'GBR', 484),
(7197874, 'Uzbekistan 1 Division', 'UZB', 48),
(7317506, 'Austrian Regionalliga', 'AUT', 144),
(7408034, 'Regional Cup Niedersachsen', 'DEU', 1),
(7485811, 'Copa FAI', 'IRL', 40),
(7552802, 'Scottish Women\'s Premier Leagu', 'GBR', 96),
(7710075, 'Polish 3 Liga', 'POL', 24),
(7883210, 'Brazilian Taca FPF', 'BRA', 79),
(7893771, 'Copa Venezuela', 'VEN', 214),
(7946082, 'Ukrainian U21 League', 'UKR', 24),
(7998231, 'Danish Division 2', 'DNK', 88),
(8083549, 'Israeli Super Cup', 'ISR', 24),
(8244827, 'Denmark Series', 'DNK', 48),
(8594603, 'Primera División peruana', 'PER', 24),
(8616348, 'Amistoso', 'International', 250),
(8824582, 'Camerún Ligue 2', 'CMR', 96),
(9161841, 'Brazilian Paulista Serie B', 'BRA', 24),
(9248767, 'Finnish Kakkonen B', 'FIN', 24),
(9404054, 'Dutch Eredivisie', 'NLD', 177),
(9969899, 'Premier League 2', 'GBR', 120),
(10135426, 'Cameroon Cup', 'CMR', 37),
(10187098, 'Czech Rep Cup', 'CZE', 150),
(10238283, 'Estonia Cup', 'EST', 50),
(10479956, 'Bundesliga Austríaca', 'AUT', 98),
(10564816, 'T&T Pro League', 'TTO', 24),
(10662505, 'DFB Pokal', 'DEU', 477),
(10854877, 'Copa polaca', 'POL', 101),
(10932509, 'Premier League Inglesa', 'GBR', 946),
(11068551, 'Eliteserien', 'NOR', 67),
(11086347, 'National League', 'GBR', 1),
(11397029, 'FFA Cup 2017', 'AUS', 77),
(11402030, 'Indonesia Liga II', 'IDN', 24),
(11413201, 'Mosta Domain Tournament', 'Internatio', 48),
(11418298, 'A League 2017/18', 'AUS', 1),
(11420561, 'CONCACAF League', 'GBR', 24),
(11433557, 'Trofeo Villa de Leganes', 'International', 18),
(11433561, 'Trofeo Ciudad de Murcia', 'International', 22);

-- --------------------------------------------------------

--
-- Estructura de tabla para la tabla `odds`
--

CREATE TABLE `odds` (
  `ID_ODD` int(11) NOT NULL,
  `ID_CATOLOGO` varchar(100) NOT NULL,
  `DESCRIPCION` varchar(30) NOT NULL,
  `VALOR` varchar(7) NOT NULL
) ENGINE=InnoDB DEFAULT CHARSET=latin1 COMMENT='betfair';

-- --------------------------------------------------------

--
-- Estructura de tabla para la tabla `pais`
--

CREATE TABLE `pais` (
  `ID_PAIS` varchar(11) NOT NULL,
  `NOMBRE` int(11) DEFAULT NULL,
  `MARKET_COUNT` int(11) NOT NULL,
  `IMG` varchar(30) DEFAULT NULL
) ENGINE=InnoDB DEFAULT CHARSET=latin1 COMMENT='Betfair';

--
-- Volcado de datos para la tabla `pais`
--

INSERT INTO `pais` (`ID_PAIS`, `NOMBRE`, `MARKET_COUNT`, `IMG`) VALUES
('AM', NULL, 24, NULL),
('AR', NULL, 33, NULL),
('AT', NULL, 364, NULL),
('AU', NULL, 1, NULL),
('AZ', NULL, 24, NULL),
('BD', NULL, 19, NULL),
('BE', NULL, 197, NULL),
('BG', NULL, 128, NULL),
('BO', NULL, 24, NULL),
('BR', NULL, 894, NULL),
('BY', NULL, 48, NULL),
('CA', NULL, 32, NULL),
('CH', NULL, 199, NULL),
('CL', NULL, 128, NULL),
('CM', NULL, 96, NULL),
('CN', NULL, 73, NULL),
('CO', NULL, 168, NULL),
('CR', NULL, 24, NULL),
('CS', NULL, 118, NULL),
('CY', NULL, 2, NULL),
('CZ', NULL, 254, NULL),
('DE', NULL, 625, NULL),
('DK', NULL, 304, NULL),
('EC', NULL, 48, NULL),
('EE', NULL, 96, NULL),
('EG', NULL, 15, NULL),
('ES', NULL, 79, NULL),
('FI', NULL, 240, NULL),
('FR', NULL, 601, NULL),
('GB', NULL, 3312, NULL),
('GE', NULL, 48, NULL),
('GR', NULL, 4, NULL),
('HR', NULL, 102, NULL),
('ID', NULL, 24, NULL),
('IE', NULL, 45, NULL),
('IL', NULL, 42, NULL),
('IN', NULL, 24, NULL),
('IS', NULL, 352, NULL),
('IT', NULL, 717, NULL),
('JP', NULL, 264, NULL),
('KG', NULL, 24, NULL),
('KR', NULL, 78, NULL),
('LI', NULL, 24, NULL),
('LT', NULL, 48, NULL),
('LV', NULL, 24, NULL),
('MD', NULL, 33, NULL),
('MK', NULL, 2, NULL),
('MX', NULL, 226, NULL),
('MY', NULL, 175, NULL),
('NL', NULL, 181, NULL),
('NO', NULL, 145, NULL),
('PE', NULL, 24, NULL),
('PH', NULL, 24, NULL),
('PL', NULL, 247, NULL),
('PT', NULL, 259, NULL),
('PY', NULL, 72, NULL),
('RO', NULL, 170, NULL),
('RU', NULL, 149, NULL),
('SA', NULL, 48, NULL),
('SE', NULL, 232, NULL),
('SG', NULL, 72, NULL),
('SI', NULL, 98, NULL),
('SK', NULL, 122, NULL),
('TH', NULL, 14, NULL),
('TR', NULL, 291, NULL),
('TT', NULL, 24, NULL),
('UA', NULL, 124, NULL),
('US', NULL, 98, NULL),
('UZ', NULL, 48, NULL),
('VE', NULL, 214, NULL),
('VN', NULL, 145, NULL);

-- --------------------------------------------------------

--
-- Estructura de tabla para la tabla `partido`
--

CREATE TABLE `partido` (
  `ID_PARTIDO` bigint(20) NOT NULL,
  `ID_PAIS` varchar(20) DEFAULT NULL,
  `ID_COMPETENCIA` bigint(20) NOT NULL,
  `LOCAL` varchar(40) DEFAULT NULL,
  `VISITANTE` varchar(40) DEFAULT NULL,
  `TIMEZONE` varchar(50) NOT NULL,
  `FECHA` date DEFAULT NULL,
  `HORA` time DEFAULT NULL,
  `MARKET_COUNT` int(11) NOT NULL,
  `ESTADO` varchar(20) DEFAULT NULL,
  `AUTORIZADO` varchar(5) DEFAULT NULL
) ENGINE=InnoDB DEFAULT CHARSET=latin1 COMMENT='Betfair';

--
-- Volcado de datos para la tabla `partido`
--

INSERT INTO `partido` (`ID_PARTIDO`, `ID_PAIS`, `ID_COMPETENCIA`, `LOCAL`, `VISITANTE`, `TIMEZONE`, `FECHA`, `HORA`, `MARKET_COUNT`, `ESTADO`, `AUTORIZADO`) VALUES
(241361, 'IT', 81, 'Spartans WFC (W)', 'Hibernian (W)', 'Europe/London', '2012-08-25', '11:00:00', 3, NULL, NULL),
(259241, 'ES', 117, 'Cruz Azul', 'Toluca', 'Europe/London', '2017-05-21', '09:00:00', 3, NULL, NULL),
(290769, 'TR', 194215, 'Basaksehir', 'Bursaspor', 'Europe/London', '2007-09-08', '17:00:00', 1, NULL, NULL),
(425190, 'ES', 119, 'Cruz Azul', 'Toluca', 'Europe/London', '2014-08-23', '12:00:00', 1, NULL, NULL),
(2022802, 'GB', 10932509, 'Southampton', 'Swansea', 'Europe/London', '2017-08-11', '13:45:00', 26, NULL, NULL),
(3209064, 'NL', 9404054, 'ADO Den Haag', 'Utrecht', 'Europe/London', '2005-08-26', '12:30:00', 1, NULL, NULL),
(5767793, 'GB', 10932509, 'Brighton', 'Man City', 'Europe/London', '2017-01-22', '07:00:00', 15, NULL, NULL),
(19478157, 'GB', 10932509, 'C Palace', 'Huddersfield', 'Europe/London', '2017-01-22', '07:00:00', 2, NULL, NULL),
(28271222, 'GB', 10932509, 'Arsenal', 'Leicester City', 'Europe/London', '2017-08-11', '13:45:00', 85, NULL, NULL),
(28271223, 'GB', 10932509, 'Brighton', 'Man City', 'Europe/London', '2017-08-12', '11:30:00', 85, NULL, NULL),
(28271224, 'GB', 10932509, 'Chelsea', 'Burnley', 'Europe/London', '2017-08-12', '09:00:00', 62, NULL, NULL),
(28271226, 'GB', 10932509, 'Everton', 'Stoke City', 'Europe/London', '2017-08-12', '09:00:00', 62, NULL, NULL),
(28271235, 'GB', 10932509, 'Southampton', 'Swansea', 'Europe/London', '2017-08-12', '09:00:00', 62, NULL, NULL),
(28271236, 'GB', 10932509, 'Watford', 'Liverpool', 'Europe/London', '2017-08-12', '06:30:00', 85, NULL, NULL),
(28271237, 'GB', 10932509, 'West Bromwich', 'Bournemouth', 'Europe/London', '2017-08-12', '09:00:00', 62, NULL, NULL),
(28287998, 'GB', 10932509, 'C Palace', 'Huddersfield', 'Europe/London', '2017-08-12', '09:00:00', 62, NULL, NULL),
(28296970, 'NL', 9404054, 'ADO Den Haag', 'Utrecht', 'Europe/London', '2017-08-11', '12:00:00', 31, NULL, NULL),
(28296972, 'NL', 9404054, 'VVV', 'Sparta Rotterdam', 'Europe/London', '2017-08-12', '11:30:00', 31, NULL, NULL),
(28296973, 'NL', 9404054, 'PSV', 'AZ Alkmaar', 'Europe/London', '2017-08-12', '11:30:00', 33, NULL, NULL),
(28296974, 'NL', 9404054, 'Heracles', ' Ajax', 'Europe/London', '2017-08-12', '13:45:00', 32, NULL, NULL),
(28296975, 'NL', 9404054, 'Vitesse', 'Breda', 'Europe/London', '2017-08-12', '13:45:00', 31, NULL, NULL),
(28313864, 'PE', 8594603, 'Real Garcilaso', 'Deportivo Municipal', 'Europe/London', '2017-08-09', '13:15:00', 23, NULL, NULL),
(28328217, 'PT', 99, 'Porto', 'Estoril Praia', 'Europe/London', '2017-08-09', '13:00:00', 22, NULL, NULL),
(28328218, 'PT', 99, 'Benfica', 'Braga', 'Europe/London', '2017-08-09', '15:00:00', 34, NULL, NULL),
(28328220, 'PT', 99, 'Guimaraes', 'Chaves', 'Europe/London', '2017-08-10', '15:00:00', 31, NULL, NULL),
(28331650, 'FI', 45, 'KuPS', 'JJK', 'Europe/London', '2017-08-10', '10:30:00', 23, NULL, NULL),
(28331651, 'FI', 45, 'RoPS', 'IFK Mariehamn', 'Europe/London', '2017-08-10', '10:30:00', 23, NULL, NULL),
(28331652, 'FI', 45, 'Lahti', 'FC Inter', 'Europe/London', '2017-08-10', '10:30:00', 23, NULL, NULL),
(28331653, 'FI', 45, 'SJK', 'HJK Helsinki', 'Europe/London', '2017-08-10', '12:00:00', 23, NULL, NULL),
(28331656, 'MX', 1979279, 'Pachuca', 'Queretaro', 'Europe/London', '2017-08-09', '19:06:00', 23, NULL, NULL),
(28331657, 'MX', 1979279, 'FC Juarez', 'Guadalajara', 'Europe/London', '2017-08-09', '21:00:00', 23, NULL, NULL),
(28331658, 'MX', 1979279, 'Universidad Guadalajara', 'Toluca', 'Europe/London', '2017-08-09', '21:00:00', 23, NULL, NULL),
(28331659, 'MX', 1979279, 'Pumas UNAM', 'Monterrey', 'Europe/London', '2017-08-09', '20:30:00', 23, NULL, NULL),
(28331660, 'MX', 1979279, 'Veracruz', 'Leon', 'Europe/London', '2017-08-09', '19:00:00', 23, NULL, NULL),
(28331662, 'IS', 905441, 'HK Kopavogur', 'Selfoss', 'Europe/London', '2017-08-10', '14:15:00', 23, NULL, NULL),
(28331664, 'IS', 911286, 'Stjarnan (W)', 'IBV Vestmannaeyjar (W)', 'Europe/London', '2017-08-10', '13:00:00', 23, NULL, NULL),
(28331665, 'IS', 911286, 'Valur (W)', 'Breidablik (W)', 'Europe/London', '2017-08-10', '14:15:00', 23, NULL, NULL),
(28331666, 'LI', 135, 'FC Vaduz', 'Winterthur', 'Europe/London', '2017-08-10', '13:00:00', 23, NULL, NULL),
(28331669, 'RU', 880458, 'Spartak Moscow II', 'Zenit St Petersburg II', 'Europe/London', '2017-08-10', '07:00:00', 23, NULL, NULL),
(28331671, 'SG', 944127, 'Tampines Rovers', 'Albirex Niigata', 'Europe/London', '2017-08-10', '06:30:00', 23, NULL, NULL),
(28331673, 'SE', 131, 'Helsingborgs', 'Atvidabergs', 'Europe/London', '2017-08-10', '12:00:00', 23, NULL, NULL),
(28331674, 'SE', 131, 'Trelleborgs', 'Degerfors', 'Europe/London', '2017-08-10', '12:00:00', 23, NULL, NULL),
(28331676, 'CH', 135, 'Aarau', 'Schaffhausen', 'Europe/London', '2017-08-10', '13:00:00', 23, NULL, NULL),
(28331678, 'CH', 133, 'FC Basel', 'Grasshoppers Zurich', 'Europe/London', '2017-08-10', '13:00:00', 23, NULL, NULL),
(28331679, 'CH', 133, 'FC Zurich', 'Sion', 'Europe/London', '2017-08-10', '13:00:00', 23, NULL, NULL),
(28331681, 'NO', 4051, 'Valerenga', 'Elverum', 'Europe/London', '2017-08-10', '11:30:00', 26, NULL, NULL),
(28331687, 'SE', 129, 'IFK Goteborg', 'AIK', 'Europe/London', '2017-08-10', '12:00:00', 31, NULL, NULL),
(28331689, 'BR', 62815, 'Palmeiras', 'Barcelona (Ecu)', 'Europe/London', '2017-08-09', '19:45:00', 31, NULL, NULL),
(28331690, 'BR', 62815, 'Atletico MG', 'Jorge Wilstermann', 'Europe/London', '2017-08-09', '19:45:00', 31, NULL, NULL),
(28331691, 'BR', 62815, 'Botafogo RJ', 'Nacional (Uru)', 'Europe/London', '2017-08-10', '17:15:00', 31, NULL, NULL),
(28331693, 'RU', 101, 'Akhmat Grozny', 'FK Krasnodar', 'Europe/London', '2017-08-10', '12:00:00', 31, NULL, NULL),
(28331696, 'GB', 2134, 'Bury', 'Sunderland', 'Europe/London', '2017-08-10', '13:45:00', 86, NULL, NULL),
(28331968, 'DK', 30921, 'Norresundby', 'Oversidder', 'Europe/London', '2017-08-09', '11:30:00', 8, NULL, NULL),
(28331969, 'DK', 30921, 'Alleso GF', 'Vejle', 'Europe/London', '2017-08-09', '11:30:00', 8, NULL, NULL),
(28331970, 'DK', 30921, 'Herlufsholm GF', 'HB Koge', 'Europe/London', '2017-08-09', '11:30:00', 8, NULL, NULL),
(28331971, 'DK', 30921, 'DGL 2000', 'Brabrand', 'Europe/London', '2017-08-09', '11:30:00', 8, NULL, NULL),
(28331972, 'DK', 30921, 'Linde', 'VSK Aarhus', 'Europe/London', '2017-08-09', '11:30:00', 8, NULL, NULL),
(28331973, 'DK', 30921, 'Hedensted', 'Thisted', 'Europe/London', '2017-08-09', '11:30:00', 6, NULL, NULL),
(28331974, 'DK', 30921, 'Avarta', 'Fremad Amager', 'Europe/London', '2017-08-09', '11:30:00', 6, NULL, NULL),
(28331975, 'DK', 30921, 'Holstebro', 'Aarhus Fremad', 'Europe/London', '2017-08-09', '11:30:00', 8, NULL, NULL),
(28331976, 'DK', 30921, 'Lystrup', 'Vendsyssel FF', 'Europe/London', '2017-08-09', '11:30:00', 6, NULL, NULL),
(28331978, 'DK', 30921, 'Tarup-Paarup', 'Dalum', 'Europe/London', '2017-08-09', '11:30:00', 6, NULL, NULL),
(28331979, 'DK', 30921, 'Sunred Beach', 'CSC', 'Europe/London', '2017-08-09', '12:30:00', 8, NULL, NULL),
(28331980, 'DK', 30921, 'Rishoj', 'Greve', 'Europe/London', '2017-08-09', '11:30:00', 6, NULL, NULL),
(28331981, 'DK', 30921, 'Vejlby-Risskov', 'Skive', 'Europe/London', '2017-08-09', '11:30:00', 7, NULL, NULL),
(28331983, 'DK', 30921, 'Silkeborg KFUM', 'Viborg', 'Europe/London', '2017-08-09', '11:30:00', 4, NULL, NULL),
(28331984, 'DK', 30921, 'Fredericia', 'Esbjerg', 'Europe/London', '2017-08-09', '12:15:00', 8, NULL, NULL),
(28331985, 'DK', 30921, 'Roskilde', 'Nykobing FC', 'Europe/London', '2017-08-09', '11:30:00', 6, NULL, NULL),
(28331986, 'GB', 2134, 'Leeds', 'Port Vale', 'Europe/London', '2017-08-09', '13:45:00', 29, NULL, NULL),
(28331987, 'GB', 2134, 'Oldham', ' Burton', 'Europe/London', '2017-08-09', '13:45:00', 33, NULL, NULL),
(28331988, 'GB', 2134, 'Crewe', 'Bolton', 'Europe/London', '2017-08-09', '13:45:00', 34, NULL, NULL),
(28331989, 'GB', 2134, 'Sheff Utd', 'Walsall', 'Europe/London', '2017-08-09', '13:45:00', 34, NULL, NULL),
(28332002, 'NO', 4051, 'Lillestrom', 'Tromso', 'Europe/London', '2017-08-09', '11:30:00', 2, NULL, NULL),
(28332003, 'NO', 4051, 'Haugesund', 'Molde', 'Europe/London', '2017-08-09', '11:30:00', 8, NULL, NULL),
(28332004, 'NO', 4051, 'Sarpsborg', 'Odds BK', 'Europe/London', '2017-08-09', '11:30:00', 8, NULL, NULL),
(28332005, 'NO', 4051, 'Kristiansund', 'Floro', 'Europe/London', '2017-08-09', '11:30:00', 2, NULL, NULL),
(28332006, 'NO', 4051, 'Mjondalen', 'Brann', 'Europe/London', '2017-08-09', '12:45:00', 27, NULL, NULL),
(28332007, 'NO', 4051, 'Stabaek', 'Aalesunds', 'Europe/London', '2017-08-09', '11:30:00', 8, NULL, NULL),
(28332009, 'RU', 101, 'Rubin Kazan', 'Lokomotiv', 'Europe/London', '2017-08-09', '12:00:00', 31, NULL, NULL),
(28332010, 'RU', 101, 'Rostov', 'Dinamo Moscú', 'Europe/London', '2017-08-09', '12:00:00', 31, NULL, NULL),
(28332011, 'RU', 101, 'Spartak Moscow', 'Arsenal Tula', 'Europe/London', '2017-08-09', '11:30:00', 31, NULL, NULL),
(28332013, 'RU', 101, 'Tosno', 'CSKA Moscow', 'Europe/London', '2017-08-09', '12:00:00', 31, NULL, NULL),
(28332015, 'GB', 41, 'Darlington', 'Gainsborough', 'Europe/London', '2017-08-09', '13:45:00', 8, NULL, NULL),
(28332020, 'DE', 318343, 'BFC Dynamo', 'Wacker Nordhausen', 'Europe/London', '2017-08-09', '12:00:00', 23, NULL, NULL),
(28332022, 'RU', 880458, 'FC Khimki', 'FK Avangard Kursk', 'Europe/London', '2017-08-09', '11:00:00', 17, NULL, NULL),
(28332024, 'RU', 880458, 'Baltika', 'Yenisey Krasnoyarsk', 'Europe/London', '2017-08-09', '12:00:00', 8, NULL, NULL),
(28332030, 'GB', 1038449, 'Ross Co', 'Motherwell', 'Europe/London', '2017-08-09', '13:45:00', 22, NULL, NULL),
(28332031, 'GB', 1038449, 'Hamilton', 'Aberdeen', 'Europe/London', '2017-08-09', '13:45:00', 19, NULL, NULL),
(28332032, 'GB', 1038449, 'Rangers', 'Dunfermline', 'Europe/London', '2017-08-09', '13:45:00', 16, NULL, NULL),
(28332033, 'GB', 1038449, 'Dundee', 'Dundee Utd', 'Europe/London', '2017-08-09', '13:45:00', 17, NULL, NULL),
(28332036, 'GB', 7552802, 'Stirling University (W)', 'Celtic (W)', 'Europe/London', '2017-08-09', '13:00:00', 23, NULL, NULL),
(28332037, 'GB', 7552802, 'Hamilton WFC (W)', 'Rangers (W)', 'Europe/London', '2017-08-09', '13:00:00', 23, NULL, NULL),
(28332038, 'GB', 7552802, 'Aberdeen (W)', 'Glasgow City (W)', 'Europe/London', '2017-08-09', '13:00:00', 23, NULL, NULL),
(28332039, 'GB', 7552802, 'Spartans WFC (W)', 'Hibernian (W)', 'Europe/London', '2017-08-09', '13:00:00', 23, NULL, NULL),
(28332041, 'SE', 131, 'Dalkurd FF', 'IK Frej', 'Europe/London', '2017-08-09', '12:00:00', 23, NULL, NULL),
(28332042, 'SE', 131, 'Falkenbergs', 'Varnamo', 'Europe/London', '2017-08-09', '12:00:00', 23, NULL, NULL),
(28332043, 'SE', 131, 'Gefle', 'Varbergs BoIS', 'Europe/London', '2017-08-09', '12:00:00', 23, NULL, NULL),
(28332044, 'SE', 131, 'Orgryte', 'Brommapojkarna', 'Europe/London', '2017-08-09', '12:00:00', 23, NULL, NULL),
(28332046, 'CH', 135, 'Chiasso', 'Rapperswil-Jona', 'Europe/London', '2017-08-09', '13:00:00', 17, NULL, NULL),
(28332047, 'CH', 135, 'Servette', 'FC Wil', 'Europe/London', '2017-08-09', '13:00:00', 17, NULL, NULL),
(28332048, 'CH', 135, 'Wohlen', 'Neuchatel Xamax', 'Europe/London', '2017-08-09', '13:00:00', 14, NULL, NULL),
(28332050, 'CH', 133, 'St Gallen', 'Luzern', 'Europe/London', '2017-08-09', '13:00:00', 17, NULL, NULL),
(28332051, 'CH', 133, 'Lausanne', 'Lugano', 'Europe/London', '2017-08-09', '13:00:00', 14, NULL, NULL),
(28332052, 'CH', 133, 'Young Boys', 'Thun', 'Europe/London', '2017-08-09', '13:00:00', 14, NULL, NULL),
(28332054, 'IS', 887158, 'Vikingur Olafsvik', 'Grindavik', 'Europe/London', '2017-08-09', '14:15:00', 23, NULL, NULL),
(28332056, 'IS', 887158, 'Stjarnan', 'Breidablik', 'Europe/London', '2017-08-09', '15:00:00', 23, NULL, NULL),
(28332057, 'IS', 887158, 'Fjolnir', 'KA Akureyri', 'Europe/London', '2017-08-09', '13:00:00', 13, NULL, NULL),
(28332059, 'FI', 45, 'HIFK', 'VPS', 'Europe/London', '2017-08-09', '10:30:00', 17, NULL, NULL),
(28332060, 'FI', 45, 'PS Kemi', 'Ilves', 'Europe/London', '2017-08-09', '10:30:00', 23, NULL, NULL),
(28332074, 'BR', 62815, 'Gremio', 'Godoy Cruz', 'Europe/London', '2017-08-09', '17:15:00', 31, NULL, NULL),
(28332835, 'AT', 9, 'Hartberg', 'FC Liefering', 'Europe/London', '2017-08-11', '11:30:00', 23, NULL, NULL),
(28332836, 'AT', 9, 'Austria Lustenau', 'KSV 1919', 'Europe/London', '2017-08-11', '11:30:00', 23, NULL, NULL),
(28332837, 'AT', 9, 'FAC Wien', 'SC Wiener Neustadt', 'Europe/London', '2017-08-11', '11:30:00', 23, NULL, NULL),
(28332838, 'AT', 9, 'BW Linz', 'SV Ried', 'Europe/London', '2017-08-11', '11:30:00', 23, NULL, NULL),
(28332839, 'AT', 9, 'WSG Wattens', 'FC Wacker Innsbruck', 'Europe/London', '2017-08-11', '13:30:00', 23, NULL, NULL),
(28332842, 'BE', 164952, 'Cercle Brugge', 'Union St Gilloise', 'Europe/London', '2017-08-11', '13:30:00', 23, NULL, NULL),
(28332844, 'CZ', 862638, 'Vitkovice', 'Znojmo', 'Europe/London', '2017-08-11', '11:00:00', 23, NULL, NULL),
(28332846, 'CZ', 862638, 'Usti nad Labem', 'Opava', 'Europe/London', '2017-08-11', '11:00:00', 23, NULL, NULL),
(28332848, 'EE', 862545, 'FCI Tallinn', 'Levadia Tallinn', 'Europe/London', '2017-08-11', '11:30:00', 23, NULL, NULL),
(28332849, 'EE', 862545, 'Flora Tallinn', 'Tulevik Viljandi', 'Europe/London', '2017-08-11', '11:00:00', 23, NULL, NULL),
(28332850, 'EE', 862545, 'Paide Linnameeskond', 'Trans Narva', 'Europe/London', '2017-08-11', '11:00:00', 23, NULL, NULL),
(28332855, 'FI', 9248767, 'EsPa', 'SalPa', 'Europe/London', '2017-08-11', '10:30:00', 23, NULL, NULL),
(28332857, 'IS', 905441, 'Keflavik', 'Throttur', 'Europe/London', '2017-08-11', '14:15:00', 23, NULL, NULL),
(28332858, 'IS', 905441, 'Grotta', 'Haukar', 'Europe/London', '2017-08-11', '14:15:00', 23, NULL, NULL),
(28332859, 'IS', 905441, 'Thor', 'IR Reykjavik', 'Europe/London', '2017-08-11', '13:00:00', 23, NULL, NULL),
(28332860, 'IS', 905441, 'Leiknir R', 'Fylkir', 'Europe/London', '2017-08-11', '14:15:00', 23, NULL, NULL),
(28332862, 'FI', 47, 'TPS', 'Honka', 'Europe/London', '2017-08-11', '10:30:00', 23, NULL, NULL),
(28332863, 'FI', 47, 'OPS', 'KPV', 'Europe/London', '2017-08-11', '10:30:00', 23, NULL, NULL),
(28332865, 'JP', 1062024, 'Kyoto', 'Fukuoka', 'Europe/London', '2017-08-11', '04:00:00', 23, NULL, NULL),
(28332866, 'JP', 1062024, 'Oita', 'FC Machida', 'Europe/London', '2017-08-11', '05:00:00', 23, NULL, NULL),
(28332867, 'JP', 1062024, 'Yamagata', 'Kanazawa', 'Europe/London', '2017-08-11', '04:00:00', 23, NULL, NULL),
(28332868, 'JP', 1062024, 'Ehime', 'Mito', 'Europe/London', '2017-08-11', '04:00:00', 23, NULL, NULL),
(28332869, 'JP', 1062024, 'Tokyo-V', 'Kumamoto', 'Europe/London', '2017-08-11', '04:30:00', 23, NULL, NULL),
(28332870, 'JP', 1062024, 'Tokushima', 'Yokohama FC', 'Europe/London', '2017-08-11', '05:00:00', 23, NULL, NULL),
(28332871, 'JP', 1062024, 'Nagasaki', 'Shonan', 'Europe/London', '2017-08-11', '05:00:00', 23, NULL, NULL),
(28332872, 'JP', 1062024, 'FC Gifu', 'Okayama', 'Europe/London', '2017-08-11', '04:00:00', 23, NULL, NULL),
(28332873, 'JP', 1062024, 'Jef Utd Chiba', 'Renofa Yamaguchi', 'Europe/London', '2017-08-11', '04:00:00', 23, NULL, NULL),
(28332874, 'JP', 1062024, 'Thespakusatsu Gunma', 'Kamatamare Sanuki', 'Europe/London', '2017-08-11', '04:00:00', 23, NULL, NULL),
(28332883, 'PL', 97, 'Legia Varsovia', 'Piast Gliwice', 'Europe/London', '2017-08-11', '13:30:00', 23, NULL, NULL),
(28332887, 'SG', 944127, 'Hougang Utd', 'Naga World FC', 'Europe/London', '2017-08-11', '06:30:00', 23, NULL, NULL),
(28332888, 'SG', 944127, 'Global', 'Beoungket Angkor', 'Europe/London', '2017-08-11', '06:30:00', 23, NULL, NULL),
(28332890, 'SI', 115, 'NK Maribor', 'Domzale', 'Europe/London', '2017-08-11', '13:20:00', 23, NULL, NULL),
(28332891, 'SI', 115, 'NK Celje', 'Triglav', 'Europe/London', '2017-08-11', '11:00:00', 23, NULL, NULL),
(28332893, 'DK', 23, 'Silkeborg', 'FC Helsingor', 'Europe/London', '2017-08-11', '12:00:00', 26, NULL, NULL),
(28332895, 'NO', 11068551, 'Sandefjord', 'Sogndal', 'Europe/London', '2017-08-11', '12:00:00', 26, NULL, NULL),
(28332897, 'FR', 57, 'Brest', 'Ajaccio GFCO', 'Europe/London', '2017-08-11', '13:00:00', 31, NULL, NULL),
(28332898, 'FR', 57, 'Niort', 'Auxerre', 'Europe/London', '2017-08-11', '13:00:00', 31, NULL, NULL),
(28332899, 'FR', 57, 'Orleans', 'AC Ajaccio', 'Europe/London', '2017-08-11', '13:00:00', 31, NULL, NULL),
(28332900, 'FR', 57, 'Tours', 'Reims', 'Europe/London', '2017-08-11', '13:00:00', 31, NULL, NULL),
(28332901, 'FR', 57, 'Valenciennes', 'Clermont', 'Europe/London', '2017-08-11', '13:00:00', 31, NULL, NULL),
(28332902, 'FR', 57, 'US Quevilly', 'Bourg-Peronnas', 'Europe/London', '2017-08-11', '13:00:00', 31, NULL, NULL),
(28332903, 'FR', 57, 'Paris FC', 'Le Havre', 'Europe/London', '2017-08-11', '13:00:00', 31, NULL, NULL),
(28332907, 'SE', 129, 'Malmo FF', 'Kalmar FF', 'Europe/London', '2017-08-11', '12:00:00', 31, NULL, NULL),
(28332909, 'BR', 62815, 'Santos', 'Atletico PR', 'Europe/London', '2017-08-10', '19:45:00', 31, NULL, NULL),
(28332911, 'PT', 99, 'Sporting Lisbon', 'Setubal', 'Europe/London', '2017-08-11', '14:30:00', 31, NULL, NULL),
(28332913, 'TR', 194215, 'Basaksehir', 'Bursaspor', 'Europe/London', '2017-08-11', '13:45:00', 31, NULL, NULL),
(28332915, 'FR', 55, 'Rennes', 'Lyon', 'Europe/London', '2017-08-11', '13:45:00', 47, NULL, NULL),
(28332916, 'FR', 55, 'Nice', 'ESTAC Troyes', 'Europe/London', '2017-08-11', '12:00:00', 38, NULL, NULL),
(28332918, 'DE', 10662505, 'Rot-Weiss Essen', 'Mgladbach', 'Europe/London', '2017-08-11', '13:45:00', 38, NULL, NULL),
(28332919, 'DE', 10662505, 'Holstein Kiel', 'Braunschweig', 'Europe/London', '2017-08-11', '13:45:00', 38, NULL, NULL),
(28332920, 'DE', 10662505, 'Karlsruhe', 'Leverkusen', 'Europe/London', '2017-08-11', '13:45:00', 38, NULL, NULL),
(28332926, 'AT', 10479956, 'Sturm Graz', 'Wolfsberger AC', 'Europe/London', '2017-08-12', '11:30:00', 23, NULL, NULL),
(28332927, 'AT', 10479956, 'Austria Vienna', 'LASK Linz', 'Europe/London', '2017-08-12', '11:30:00', 23, NULL, NULL),
(28332928, 'AT', 10479956, 'St Polten', 'Mattersburg', 'Europe/London', '2017-08-12', '11:30:00', 23, NULL, NULL),
(28332929, 'AT', 10479956, 'SCR Altach', 'Red Bull Salzburg', 'Europe/London', '2017-08-12', '09:00:00', 23, NULL, NULL),
(28332931, 'CZ', 862638, 'Pribram', 'Vlasim', 'Europe/London', '2017-08-12', '10:00:00', 23, NULL, NULL),
(28332932, 'CZ', 862638, 'Frydek Mistek', 'Trinec', 'Europe/London', '2017-08-12', '10:00:00', 23, NULL, NULL),
(28332933, 'CZ', 862638, 'Olympia Hradec Kralove', 'Zizkov', 'Europe/London', '2017-08-12', '03:15:00', 23, NULL, NULL),
(28332938, 'CZ', 21, 'Slavia Prague', 'Vysocina Jihlava', 'Europe/London', '2017-08-11', '11:00:00', 23, NULL, NULL),
(28332939, 'CZ', 21, 'FC Brno', 'Bohemians 1905', 'Europe/London', '2017-08-12', '09:00:00', 23, NULL, NULL),
(28332940, 'CZ', 21, 'Slovacko', 'Banik Ostrava', 'Europe/London', '2017-08-12', '09:00:00', 23, NULL, NULL),
(28332942, 'CZ', 21, 'Plzen', 'Sigma Olomouc', 'Europe/London', '2017-08-12', '09:00:00', 23, NULL, NULL),
(28332944, 'DK', 23, 'FC Copenhague', 'AC Horsens', 'Europe/London', '2017-08-12', '11:30:00', 26, NULL, NULL),
(28332945, 'DK', 23, 'Lyngby', 'SonderjyskE', 'Europe/London', '2017-08-12', '09:00:00', 26, NULL, NULL),
(28332947, 'BE', 89979, 'KV Mechelen', 'Gent', 'Europe/London', '2017-08-12', '11:00:00', 26, NULL, NULL),
(28332948, 'BE', 89979, 'Oostende', 'Waasland-Beveren', 'Europe/London', '2017-08-12', '13:30:00', 26, NULL, NULL),
(28332950, 'BE', 89979, 'Eupen', 'KV Kortrijk', 'Europe/London', '2017-08-12', '13:00:00', 26, NULL, NULL),
(28332951, 'BE', 89979, 'Lokeren', 'Mouscron', 'Europe/London', '2017-08-12', '13:00:00', 26, NULL, NULL),
(28332953, 'GB', 37, 'Cambridge Utd', 'Carlisle', 'Europe/London', '2017-08-12', '09:00:00', 26, NULL, NULL),
(28332954, 'GB', 37, 'Cheltenham', 'Crawley Town', 'Europe/London', '2017-08-12', '09:00:00', 26, NULL, NULL),
(28332955, 'GB', 37, 'Colchester', 'Stevenage', 'Europe/London', '2017-08-12', '09:00:00', 26, NULL, NULL),
(28332957, 'GB', 37, 'Grimsby', 'Coventry', 'Europe/London', '2017-08-12', '09:00:00', 26, NULL, NULL),
(28332958, 'GB', 37, 'Swindon', 'Exeter', 'Europe/London', '2017-08-12', '09:00:00', 26, NULL, NULL),
(28332959, 'GB', 37, 'Yeovil', 'Accrington', 'Europe/London', '2017-08-12', '09:00:00', 26, NULL, NULL),
(28332960, 'GB', 37, 'Lincoln', 'Morecambe', 'Europe/London', '2017-08-12', '09:00:00', 26, NULL, NULL),
(28332962, 'GB', 37, 'Port Vale', 'Wycombe', 'Europe/London', '2017-08-12', '09:00:00', 26, NULL, NULL),
(28332963, 'GB', 37, 'Barnet', 'Luton', 'Europe/London', '2017-08-12', '09:00:00', 26, NULL, NULL),
(28332964, 'GB', 37, 'Notts Co', 'Chesterfield', 'Europe/London', '2017-08-12', '09:00:00', 26, NULL, NULL),
(28332965, 'GB', 37, 'Mansfield', 'Forest Green', 'Europe/London', '2017-08-12', '09:00:00', 26, NULL, NULL),
(28332966, 'GB', 37, 'Crewe', 'Newport County', 'Europe/London', '2017-08-12', '09:00:00', 26, NULL, NULL),
(28332971, 'GB', 35, 'Walsall', 'Oldham', 'Europe/London', '2017-08-12', '09:00:00', 31, NULL, NULL),
(28332972, 'GB', 35, 'Gillingham', 'Bradford', 'Europe/London', '2017-08-12', '09:00:00', 31, NULL, NULL),
(28332973, 'GB', 35, 'Northampton', 'Fleetwood Town', 'Europe/London', '2017-08-12', '09:00:00', 31, NULL, NULL),
(28332974, 'GB', 35, 'Rotherham', 'Southend', 'Europe/London', '2017-08-12', '09:00:00', 31, NULL, NULL),
(28332975, 'GB', 35, 'AFC Wimbledon', 'Shrewsbury', 'Europe/London', '2017-08-12', '09:00:00', 31, NULL, NULL),
(28332976, 'GB', 35, 'Blackburn', 'Doncaster', 'Europe/London', '2017-08-12', '09:00:00', 31, NULL, NULL),
(28332980, 'GB', 35, 'Bristol Rovers', 'Peterborough', 'Europe/London', '2017-08-12', '09:00:00', 31, NULL, NULL),
(28332981, 'GB', 35, 'Oxford Utd', 'Portsmouth', 'Europe/London', '2017-08-12', '09:00:00', 31, NULL, NULL),
(28332982, 'GB', 35, 'Plymouth', 'Charlton', 'Europe/London', '2017-08-12', '09:00:00', 31, NULL, NULL),
(28332983, 'GB', 35, 'Rochdale', 'Scunthorpe', 'Europe/London', '2017-08-12', '09:00:00', 31, NULL, NULL),
(28332984, 'GB', 35, 'Blackpool', 'MK Dons', 'Europe/London', '2017-08-12', '09:00:00', 31, NULL, NULL),
(28333291, 'BG', 15, 'Cherno More', 'Slavia Sofia', 'Europe/London', '2017-08-11', '10:15:00', 23, NULL, NULL),
(28333292, 'BG', 15, 'Septemvri', 'CSKA Sofia', 'Europe/London', '2017-08-11', '13:00:00', 23, NULL, NULL),
(28333295, 'BG', 15, 'Etar', 'Pirin Blagoevgrad', 'Europe/London', '2017-08-12', '10:15:00', 23, NULL, NULL),
(28333296, 'BG', 15, 'Ludogorets', 'Vereya', 'Europe/London', '2017-08-12', '13:00:00', 23, NULL, NULL),
(28333365, 'BR', 321319, 'Brasil de Pelotas', 'Guarani SP', 'Europe/London', '2017-08-11', '17:15:00', 31, NULL, NULL),
(28333367, 'BR', 321319, 'Ceara', 'CRB', 'Europe/London', '2017-08-12', '14:30:00', 31, NULL, NULL),
(28333368, 'BR', 321319, 'Figueirense', 'Goias', 'Europe/London', '2017-08-12', '17:00:00', 31, NULL, NULL),
(28333369, 'BR', 321319, 'Parana', 'ABC', 'Europe/London', '2017-08-12', '14:30:00', 31, NULL, NULL),
(28333370, 'BR', 321319, 'America MG', 'Nautico', 'Europe/London', '2017-08-11', '19:30:00', 31, NULL, NULL),
(28333371, 'BR', 321319, 'Internacional', 'Londrina', 'Europe/London', '2017-08-12', '14:30:00', 31, NULL, NULL),
(28333372, 'BR', 321319, 'Vila Nova', 'Boa', 'Europe/London', '2017-08-11', '18:30:00', 31, NULL, NULL),
(28333373, 'BR', 321319, 'Oeste', 'Paysandu', 'Europe/London', '2017-08-12', '17:00:00', 31, NULL, NULL),
(28333375, 'DE', 61, 'FC Heidenheim', 'Erzgebirge', 'Europe/London', '2017-08-09', '13:00:00', 16, NULL, NULL),
(28333377, 'BR', 13, 'Atletico GO', 'Coritiba', 'Europe/London', '2017-08-12', '14:00:00', 31, NULL, NULL),
(28333378, 'BR', 13, 'Vitoria BA', 'Avai', 'Europe/London', '2017-08-12', '17:00:00', 31, NULL, NULL),
(28333488, 'CA', 141, 'Toronto FC', 'Portland Timbers', 'Europe/London', '2017-08-12', '17:00:00', 31, NULL, NULL),
(28333489, 'US', 141, 'Seattle', 'Kansas City', 'Europe/London', '2017-08-12', '15:00:00', 23, NULL, NULL),
(28333494, 'RU', 101, 'Sporting Lisbon', 'Setubal', 'Europe/London', '2017-08-12', '09:30:00', 23, NULL, NULL),
(28333495, 'RU', 101, 'Anzhi Makhachkala', 'Dinamo Moscú ', 'Europe/London', '2017-08-12', '12:00:00', 23, NULL, NULL),
(28333496, 'RU', 101, 'FC Ufa', 'Rostov', 'Europe/London', '2017-08-12', '07:00:00', 23, NULL, NULL),
(28333500, 'PT', 99, 'Moreirense', 'Feirense', 'Europe/London', '2017-08-12', '10:00:00', 23, NULL, NULL),
(28333501, 'PT', 99, 'Belenenses', 'Maritimo', 'Europe/London', '2017-08-12', '12:15:00', 23, NULL, NULL),
(28333502, 'PT', 99, 'Boavista', 'Rio Ave', 'Europe/London', '2017-08-12', '14:30:00', 23, NULL, NULL),
(28333505, 'GB', 107, 'Falkirk', 'Dumbarton', 'Europe/London', '2017-08-12', '09:00:00', 23, NULL, NULL),
(28333506, 'GB', 107, 'Morton', 'St Mirren', 'Europe/London', '2017-08-12', '09:00:00', 23, NULL, NULL),
(28333507, 'GB', 107, 'Dunfermline', 'Inverness CT', 'Europe/London', '2017-08-12', '09:00:00', 23, NULL, NULL),
(28333508, 'GB', 107, 'Brechin', 'Livingston', 'Europe/London', '2017-08-12', '09:00:00', 23, NULL, NULL),
(28333509, 'GB', 107, 'Dundee Utd', 'Queen of South', 'Europe/London', '2017-08-12', '09:00:00', 23, NULL, NULL),
(28333512, 'GB', 109, 'East Fife', 'Alloa', 'Europe/London', '2017-08-12', '09:00:00', 23, NULL, NULL),
(28333513, 'GB', 109, 'Queens Park', 'Albion', 'Europe/London', '2017-08-12', '09:00:00', 23, NULL, NULL),
(28333514, 'GB', 109, 'Raith', 'Stranraer', 'Europe/London', '2017-08-12', '09:00:00', 23, NULL, NULL),
(28333515, 'GB', 109, 'Ayr', 'Forfar', 'Europe/London', '2017-08-12', '09:00:00', 23, NULL, NULL),
(28333517, 'GB', 109, 'Airdrieonians', 'Arbroath', 'Europe/London', '2017-08-12', '09:00:00', 23, NULL, NULL),
(28333520, 'GB', 111, 'Peterhead', 'Elgin', 'Europe/London', '2017-08-12', '09:00:00', 23, NULL, NULL),
(28333521, 'GB', 111, 'Montrose', 'Stenhousemuir', 'Europe/London', '2017-08-12', '09:00:00', 23, NULL, NULL),
(28333522, 'GB', 111, 'Stirling', 'Berwick', 'Europe/London', '2017-08-12', '09:00:00', 23, NULL, NULL),
(28333523, 'GB', 111, 'Clyde', 'Annan', 'Europe/London', '2017-08-12', '09:00:00', 23, NULL, NULL),
(28333524, 'GB', 111, 'Cowdenbeath', 'Edinburgh City', 'Europe/London', '2017-08-12', '09:00:00', 23, NULL, NULL),
(28333526, 'SK', 113, 'Trencin', 'Podbrezova', 'Europe/London', '2017-08-12', '12:00:00', 23, NULL, NULL),
(28333527, 'SK', 113, 'Zilina', 'FK Senica', 'Europe/London', '2017-08-12', '12:00:00', 23, NULL, NULL),
(28333528, 'SK', 113, 'Ruzomberok', 'Spartak Trnava', 'Europe/London', '2017-08-12', '12:00:00', 23, NULL, NULL),
(28333529, 'SK', 113, 'Zemplin', 'Tatran Presov', 'Europe/London', '2017-08-12', '11:30:00', 23, NULL, NULL),
(28333537, 'SE', 131, 'GAIS', 'Syrianska FC', 'Europe/London', '2017-08-12', '11:00:00', 23, NULL, NULL),
(28333539, 'SE', 131, 'Osters', 'Gefle', 'Europe/London', '2017-08-12', '09:00:00', 23, NULL, NULL),
(28333541, 'SI', 115, 'Olimpija', 'Rudar', 'Europe/London', '2017-08-12', '13:20:00', 23, NULL, NULL),
(28333542, 'SI', 115, 'Gorica', 'NK Aluminij', 'Europe/London', '2017-08-12', '11:00:00', 23, NULL, NULL),
(28333556, 'GB', 105, 'Hamilton', 'Dundee', 'Europe/London', '2017-08-12', '09:00:00', 26, NULL, NULL),
(28333557, 'GB', 105, 'Rangers', 'Hibernian', 'Europe/London', '2017-08-12', '09:00:00', 26, NULL, NULL),
(28333558, 'GB', 105, 'Ross Co', 'Aberdeen', 'Europe/London', '2017-08-12', '09:00:00', 26, NULL, NULL),
(28333559, 'GB', 105, 'St Johnstone', 'Motherwell', 'Europe/London', '2017-08-12', '09:00:00', 26, NULL, NULL),
(28333563, 'NO', 11068551, 'Molde', 'Rosenborg', 'Europe/London', '2017-08-12', '11:00:00', 26, NULL, NULL),
(28333566, 'TR', 194215, 'Alanyaspor', 'Kasimpasa', 'Europe/London', '2017-08-12', '13:45:00', 31, NULL, NULL),
(28333568, 'TR', 194215, 'Akhisar Belediye', 'Sivasspor', 'Europe/London', '2017-08-12', '12:00:00', 31, NULL, NULL),
(28333575, 'TR', 194215, 'Goztepe', 'Fenerbahce', 'Europe/London', '2017-08-12', '13:45:00', 31, NULL, NULL),
(28333576, 'TR', 194215, 'Genclerbirligi', 'Karabukspor', 'Europe/London', '2017-08-12', '12:00:00', 31, NULL, NULL),
(28333579, 'GB', 7129730, 'Millwall', 'Bolton', 'Europe/London', '2017-08-12', '09:00:00', 38, NULL, NULL),
(28333580, 'GB', 7129730, 'Leeds', 'Preston', 'Europe/London', '2017-08-12', '09:00:00', 38, NULL, NULL),
(28333581, 'GB', 7129730, 'Derby', 'Wolves', 'Europe/London', '2017-08-12', '09:00:00', 38, NULL, NULL),
(28333582, 'GB', 7129730, 'Sheff Wed', 'QPR', 'Europe/London', '2017-08-12', '09:00:00', 38, NULL, NULL),
(28333583, 'GB', 7129730, 'Birmingham', 'Bristol City', 'Europe/London', '2017-08-12', '09:00:00', 38, NULL, NULL),
(28333584, 'GB', 7129730, 'Reading', 'Fulham', 'Europe/London', '2017-08-12', '09:00:00', 38, NULL, NULL),
(28333585, 'GB', 7129730, 'Hull', 'Burton', 'Europe/London', '2017-08-12', '09:00:00', 38, NULL, NULL),
(28333586, 'GB', 7129730, 'Brentford', 'Nottm Forest', 'Europe/London', '2017-08-12', '09:00:00', 38, NULL, NULL),
(28333587, 'GB', 7129730, 'Barnsley', 'Ipswich', 'Europe/London', '2017-08-12', '09:00:00', 38, NULL, NULL),
(28333588, 'GB', 7129730, 'Cardiff', 'Aston Villa', 'Europe/London', '2017-08-12', '09:00:00', 38, NULL, NULL),
(28333589, 'GB', 7129730, 'Middlesbrough', 'Sheff Utd', 'Europe/London', '2017-08-12', '11:30:00', 59, NULL, NULL),
(28334256, 'GB', 2134, 'Colchester', 'Aston Villa', 'Europe/London', '2017-08-09', '13:45:00', 55, NULL, NULL),
(28334384, 'US', 141, 'DC Utd', 'Real Salt Lake', 'Europe/London', '2017-08-12', '18:00:00', 2, NULL, NULL),
(28334386, 'PL', 10854877, 'Arka Gdynia', 'Slask Wroclaw', 'Europe/London', '2017-08-10', '13:00:00', 24, NULL, NULL),
(28334388, 'PL', 10854877, 'Bytovia Bytow', 'Lechia Gdansk', 'Europe/London', '2017-08-09', '12:00:00', 24, NULL, NULL),
(28334389, 'PL', 10854877, 'GKS Belchatow', 'Chojniczanka Chojnice', 'Europe/London', '2017-08-09', '12:00:00', 24, NULL, NULL),
(28334390, 'PL', 10854877, 'GKS Tychy', 'Cracovia Krakow', 'Europe/London', '2017-08-09', '12:30:00', 6, NULL, NULL),
(28334391, 'PL', 10854877, 'Miedz Legnica', 'Sandecja Nowy Sacz', 'Europe/London', '2017-08-09', '12:00:00', 24, NULL, NULL),
(28334392, 'PL', 10854877, 'Pogon Szczecin', 'Lech Poznan', 'Europe/London', '2017-08-09', '13:00:00', 10, NULL, NULL),
(28334398, 'PL', 10854877, 'Sokol Ostroda', 'Gornik Zabrze', 'Europe/London', '2017-08-09', '12:00:00', 24, NULL, NULL),
(28334403, 'PL', 10854877, 'Zaglebie Lubin', 'Jagiellonia Bialystock', 'Europe/London', '2017-08-09', '13:00:00', 6, NULL, NULL),
(28334404, 'PL', 10854877, 'Zaglebie Sosnowiec', 'Korona Kielce', 'Europe/London', '2017-08-10', '12:00:00', 24, NULL, NULL),
(28334405, 'US', 141, 'Columbus', 'Chicago Fire', 'Europe/London', '2017-08-12', '18:30:00', 2, NULL, NULL),
(28334406, 'US', 141, 'New York Red Bulls', 'Orlando City', 'Europe/London', '2017-08-12', '18:30:00', 2, NULL, NULL),
(28334413, 'BR', 4655, 'Flamengo', 'Palestino', 'Europe/London', '2017-08-09', '19:45:00', 23, NULL, NULL),
(28334415, 'UA', 139, 'Dynamo Kiev', 'Zirka', 'Europe/London', '2017-08-11', '11:00:00', 23, NULL, NULL),
(28334417, 'UA', 139, 'Oleksandria', 'Shakhtar', 'Europe/London', '2017-08-12', '11:30:00', 23, NULL, NULL),
(28334418, 'UA', 139, 'Stal Kamianske', 'Vorskla', 'Europe/London', '2017-08-12', '09:00:00', 23, NULL, NULL),
(28334419, 'UA', 139, 'Veres Rivne', 'Zorya', 'Europe/London', '2017-08-12', '09:00:00', 23, NULL, NULL),
(28334429, 'RO', 4905, 'FCSB', 'CSMS Iasi', 'Europe/London', '2017-08-09', '13:45:00', 19, NULL, NULL),
(28334430, 'RO', 4905, 'Juventus Bucharest', 'CS Uni Craiova', 'Europe/London', '2017-08-09', '11:15:00', 1, NULL, NULL),
(28334432, 'RO', 4905, 'Gaz Metan Medias', 'ACS Sepsi OSK', 'Europe/London', '2017-08-10', '10:30:00', 26, NULL, NULL),
(28334433, 'RO', 4905, 'CFR Cluj', 'Dinamo Bucharest', 'Europe/London', '2017-08-10', '13:00:00', 26, NULL, NULL),
(28334435, 'BR', 13, 'Ponte Preta', 'Fluminense', 'Europe/London', '2017-08-09', '18:00:00', 31, NULL, NULL),
(28334437, 'DK', 7998231, 'Aarhus Fremad', 'Kjellerup', 'Europe/London', '2017-08-12', '08:00:00', 8, NULL, NULL),
(28334440, 'DK', 7998231, 'B93', 'AB', 'Europe/London', '2017-08-12', '06:00:00', 8, NULL, NULL),
(28334441, 'DK', 7998231, 'Hillerod Fodbold', 'Bronshoj', 'Europe/London', '2017-08-12', '08:00:00', 8, NULL, NULL),
(28334442, 'DK', 7998231, 'Jammerbught FC', 'FC Sydvest', 'Europe/London', '2017-08-12', '08:00:00', 8, NULL, NULL),
(28334443, 'DK', 7998231, 'Kolding IF', 'Greve', 'Europe/London', '2017-08-12', '08:00:00', 8, NULL, NULL),
(28334444, 'DK', 7998231, 'Middelfart', 'HIK', 'Europe/London', '2017-08-12', '07:00:00', 8, NULL, NULL),
(28334445, 'DK', 7998231, 'Naesby', 'Marienlyst', 'Europe/London', '2017-08-12', '08:00:00', 8, NULL, NULL),
(28334448, 'DK', 7998231, 'Skovshoved', 'Frem', 'Europe/London', '2017-08-12', '08:00:00', 8, NULL, NULL),
(28334450, 'DE', 318343, 'Viktoria Berlin', 'Meuselwitz', 'Europe/London', '2017-08-09', '11:00:00', 17, NULL, NULL),
(28334643, 'ES', 1032778, 'UA Horta', 'Badalona', 'Europe/London', '2017-08-09', '13:30:00', 15, NULL, NULL),
(28336468, 'SE', 129, 'Halmstads', 'Sirius', 'Europe/London', '2017-08-12', '09:00:00', 31, NULL, NULL),
(28336566, 'AR', 62815, 'San Lorenzo', 'Emelec', 'Europe/London', '2017-08-10', '19:45:00', 31, NULL, NULL),
(28336586, 'FR', 55, 'Caen', 'St Etienne', 'Europe/London', '2017-08-12', '13:00:00', 38, NULL, NULL),
(28336648, 'FR', 55, 'Toulouse', 'Montpellier', 'Europe/London', '2017-08-12', '13:00:00', 38, NULL, NULL),
(28336649, 'FR', 55, 'Amiens', 'Angers', 'Europe/London', '2017-08-12', '13:00:00', 38, NULL, NULL),
(28336651, 'FR', 55, 'Bordeaux', 'Metz', 'Europe/London', '2017-08-12', '13:00:00', 38, NULL, NULL),
(28336652, 'FR', 55, 'Nantes', 'Marseille', 'Europe/London', '2017-08-12', '10:00:00', 38, NULL, NULL),
(28336936, 'CO', 844197, 'Atletico Nacional (Col)', 'La Equidad', 'Europe/London', '2017-08-09', '17:15:00', 23, NULL, NULL),
(28336967, 'BO', 3729355, 'Nacional Potosi', 'Real Potosi', 'Europe/London', '2017-08-09', '18:30:00', 23, NULL, NULL),
(28336969, 'BE', 89979, 'Zulte-Waregem', 'Club Brugge', 'Europe/London', '2017-08-11', '13:30:00', 26, NULL, NULL),
(28337167, 'UA', 8616348, 'Granada B', 'Sevilla B', 'Europe/London', '2017-08-09', '12:15:00', 23, NULL, NULL),
(28337190, 'BO', 13051, 'Israel U19', 'Belarus U19', 'Europe/London', '2017-08-10', '02:00:00', 23, NULL, NULL),
(28337813, 'CN', 879931, 'Liaoning Whowin', 'Guangzhou FC', 'Europe/London', '2017-08-10', '06:35:00', 23, NULL, NULL),
(28337815, 'CN', 879931, 'Hebei CFFC', 'Shanghai East Asia', 'Europe/London', '2017-08-10', '06:35:00', 23, NULL, NULL),
(28337816, 'CN', 879931, 'Tianjin Quanjian', 'Beijing Guoan', 'Europe/London', '2017-08-10', '06:35:00', 23, NULL, NULL),
(28337878, 'GB', 105, 'Partick', 'Celtic', 'Europe/London', '2017-08-11', '13:45:00', 34, NULL, NULL),
(28337902, 'CL', 744098, 'Univ Catolica (Chile)', 'Everton De Vina', 'Europe/London', '2017-08-12', '17:00:00', 23, NULL, NULL),
(28337903, 'CL', 744098, 'Deportes Temuco', 'Huachipato', 'Europe/London', '2017-08-12', '14:30:00', 23, NULL, NULL),
(28337904, 'CL', 744098, 'Curico Unido', 'Santiago Wanderers', 'Europe/London', '2017-08-12', '11:00:00', 23, NULL, NULL),
(28337905, 'CL', 744098, 'OHiggins', 'Unión Española', 'Europe/London', '2017-08-11', '19:00:00', 23, NULL, NULL),
(28337920, 'CO', 844197, 'Rionegro', 'Once Caldas', 'Europe/London', '2017-08-12', '17:30:00', 23, NULL, NULL),
(28337921, 'CO', 844197, 'Bucaramanga', 'Cortulua', 'Europe/London', '2017-08-12', '15:15:00', 23, NULL, NULL),
(28337922, 'CO', 844197, 'Tolima', 'Atletico Huila', 'Europe/London', '2017-08-11', '19:45:00', 23, NULL, NULL),
(28337927, 'HR', 17, 'Inter Zapresic', 'Istra', 'Europe/London', '2017-08-12', '14:00:00', 23, NULL, NULL),
(28337928, 'HR', 17, 'Lokomotiva', 'Osijek', 'Europe/London', '2017-08-12', '12:00:00', 23, NULL, NULL),
(28337930, 'HR', 17, 'Hajduk Split', 'Slaven Belupo', 'Europe/London', '2017-08-11', '14:00:00', 23, NULL, NULL),
(28337931, 'HR', 17, 'Rijeka', 'Dinamo Zagreb', 'Europe/London', '2017-08-11', '12:00:00', 23, NULL, NULL),
(28337933, 'EC', 803690, 'Univ Catolica (Ecu)', 'Macara', 'Europe/London', '2017-08-12', '12:00:00', 23, NULL, NULL),
(28337934, 'EC', 803690, 'River Plate (Ecu)', 'El Nacional', 'Europe/London', '2017-08-12', '16:00:00', 23, NULL, NULL),
(28337956, 'MX', 5627174, 'Puebla', 'Tijuana', 'Europe/London', '2017-08-11', '19:00:00', 23, NULL, NULL),
(28337957, 'MX', 5627174, 'Atlas', 'CF America', 'Europe/London', '2017-08-11', '21:00:00', 23, NULL, NULL),
(28337958, 'MX', 5627174, 'Queretaro', 'Monarcas Morelia', 'Europe/London', '2017-08-12', '17:00:00', 23, NULL, NULL),
(28337959, 'MX', 5627174, 'Cruz Azul', 'Toluca', 'Europe/London', '2017-08-12', '17:00:00', 23, NULL, NULL),
(28337971, 'PT', 9513, 'Academica', 'Braga B', 'Europe/London', '2017-08-12', '05:15:00', 23, NULL, NULL),
(28337973, 'PT', 9513, 'Sporting Lisbon B', 'Academico de Viseu', 'Europe/London', '2017-08-12', '10:00:00', 23, NULL, NULL),
(28337995, 'CS', 103, 'Backa Palanka', 'FK Napredak', 'Europe/London', '2017-08-09', '11:00:00', 14, NULL, NULL),
(28337996, 'CS', 103, 'Cukaricki', 'Mladost Lucani', 'Europe/London', '2017-08-09', '13:00:00', 17, NULL, NULL),
(28337997, 'CS', 103, 'Partizan Belgrade', 'Vozdovac', 'Europe/London', '2017-08-09', '13:00:00', 13, NULL, NULL),
(28337998, 'CS', 103, 'Macva Sabac', 'Radnicki Nis', 'Europe/London', '2017-08-09', '11:00:00', 2, NULL, NULL),
(28337999, 'CS', 103, 'Rad', 'Zemun', 'Europe/London', '2017-08-09', '13:00:00', 17, NULL, NULL),
(28338001, 'CS', 103, 'Javor', 'FK Spartak', 'Europe/London', '2017-08-10', '13:00:00', 23, NULL, NULL),
(28338002, 'CS', 103, 'Radnik Surdulica', 'Crvena Zvezda', 'Europe/London', '2017-08-10', '13:00:00', 23, NULL, NULL),
(28338004, 'UA', 872215, 'Balkany Zorya', 'Hirnyk-Sport', 'Europe/London', '2017-08-09', '10:00:00', 17, NULL, NULL),
(28338005, 'UA', 872215, 'Avangard Kramatorsk', 'Rukh Vynnyky', 'Europe/London', '2017-08-09', '10:00:00', 14, NULL, NULL),
(28338006, 'UA', 872215, 'Arsenal Kiev', 'Volyn', 'Europe/London', '2017-08-09', '10:30:00', 17, NULL, NULL),
(28338007, 'UA', 872215, 'Desna', 'Kolos Kovalivka', 'Europe/London', '2017-08-09', '11:00:00', 16, NULL, NULL),
(28338008, 'UA', 872215, 'Zhemchuzhyna Odesa', 'FC Poltava', 'Europe/London', '2017-08-09', '10:00:00', 17, NULL, NULL),
(28338009, 'UA', 872215, 'Naftovik-Ukrnafta', 'Inhulets Petrove', 'Europe/London', '2017-08-09', '10:00:00', 15, NULL, NULL),
(28338010, 'UA', 872215, 'Kremin', 'Obolon-Brovar', 'Europe/London', '2017-08-09', '10:00:00', 15, NULL, NULL),
(28338011, 'UA', 872215, 'Sumy', 'MFC Mykolaiv', 'Europe/London', '2017-08-09', '10:00:00', 17, NULL, NULL),
(28338015, 'BG', 338432, 'Ludogorets', 'Botev Plovdiv', 'Europe/London', '2017-08-09', '12:00:00', 8, NULL, NULL),
(28338031, 'PL', 403085, 'GKS Katowice', 'Puszcza Niepolomice', 'Europe/London', '2017-08-11', '13:45:00', 23, NULL, NULL),
(28338117, 'BR', 7883210, 'AC Paranavai U23', 'Foz do Iguacu FC U23', 'Europe/London', '2017-08-09', '13:30:00', 17, NULL, NULL),
(28338118, 'BR', 7883210, 'Rio Branco Par U23', 'FC Cascavel U23', 'Europe/London', '2017-08-09', '13:30:00', 17, NULL, NULL),
(28338119, 'BR', 7883210, 'Iraty SC U23', 'Toledo EC U23', 'Europe/London', '2017-08-09', '13:30:00', 16, NULL, NULL),
(28338121, 'BR', 5982310, 'Audax Rio', 'Sao Goncalo EC RJ', 'Europe/London', '2017-08-09', '13:00:00', 17, NULL, NULL),
(28338127, 'BR', 3127716, 'CA Penapolense U20', 'Olimpia FC U20', 'Europe/London', '2017-08-09', '13:00:00', 13, NULL, NULL),
(28338128, 'BR', 3127716, 'Comercial FC U20', 'Marilia AC U20', 'Europe/London', '2017-08-09', '13:00:00', 15, NULL, NULL),
(28338129, 'BR', 3127716, 'Corinthians U20', 'RB Brasil U20', 'Europe/London', '2017-08-09', '13:00:00', 15, NULL, NULL),
(28338130, 'BR', 3127716, 'Gremio E O U20', 'Sao Caetano U20', 'Europe/London', '2017-08-09', '13:00:00', 8, NULL, NULL),
(28338131, 'BR', 3127716, 'Guarani FC Campinas U20', 'SC Atibaia U20', 'Europe/London', '2017-08-09', '13:00:00', 14, NULL, NULL),
(28338132, 'BR', 3127716, 'Ituano FC U20', 'Capivariano FC U20', 'Europe/London', '2017-08-09', '13:00:00', 11, NULL, NULL),
(28338133, 'BR', 3127716, 'Mogi Mirim EC U20', 'Rio Branco EC U20', 'Europe/London', '2017-08-09', '13:00:00', 15, NULL, NULL),
(28338134, 'BR', 3127716, 'Rio Claro FC U20', '15 de Novembre U20', 'Europe/London', '2017-08-09', '13:00:00', 15, NULL, NULL),
(28338141, 'CZ', 10187098, 'Stechovice', 'Pribram', 'Europe/London', '2017-08-09', '10:30:00', 20, NULL, NULL),
(28338142, 'CZ', 10187098, 'SK Zapy', 'Banik Sokolov', 'Europe/London', '2017-08-09', '10:00:00', 18, NULL, NULL),
(28338143, 'CZ', 10187098, 'Prevysov', 'Dukla Prague', 'Europe/London', '2017-08-09', '10:00:00', 6, NULL, NULL),
(28338144, 'CZ', 10187098, 'Pisek', 'Pardubice', 'Europe/London', '2017-08-09', '10:00:00', 16, NULL, NULL),
(28338145, 'CZ', 10187098, 'Loko Vltavin', 'Teplice', 'Europe/London', '2017-08-09', '10:00:00', 6, NULL, NULL),
(28338146, 'CZ', 10187098, 'Hulin', 'Banik Ostrava', 'Europe/London', '2017-08-09', '10:00:00', 6, NULL, NULL),
(28338149, 'DK', 30921, 'Helsinge Fodbold', 'HIK', 'Europe/London', '2017-08-09', '11:30:00', 8, NULL, NULL),
(28338151, 'EG', 802004, 'Al Ahly', 'Smouha', 'Europe/London', '2017-08-09', '13:00:00', 14, NULL, NULL),
(28338153, 'EE', 10238283, 'Rumori Calcio', 'JK Kadakas Kernu', 'Europe/London', '2017-08-09', '12:00:00', 24, NULL, NULL),
(28338154, 'EE', 10238283, 'Viimsi MRJK', 'Flora Tallinn II', 'Europe/London', '2017-08-09', '10:00:00', 1, NULL, NULL),
(28338156, 'EE', 873203, 'Tartu Welco', 'FC Maardu', 'Europe/London', '2017-08-09', '11:00:00', 17, NULL, NULL),
(28338158, 'FI', 5281887, 'HPS Helsinki', 'Latino Espanol (CLE)', 'Europe/London', '2017-08-09', '11:30:00', 23, NULL, NULL),
(28338161, 'DE', 7408034, 'SW Rehden', 'Osnabruck', 'Europe/London', '2017-08-09', '12:00:00', 24, NULL, NULL),
(28338162, 'DE', 7408034, 'USI Lupo-Martini', 'Germania E-L', 'Europe/London', '2017-08-09', '11:30:00', 1, NULL, NULL),
(28338195, 'GB', 2134, 'Oldham', ' Burton', 'Europe/London', '2017-08-09', '13:45:00', 1, NULL, NULL),
(28338207, 'IL', 1161205, 'Maccabi Netanya', 'Hapoel Raanana', 'Europe/London', '2017-08-09', '11:00:00', 1, NULL, NULL),
(28338208, 'IL', 1161205, 'Maccabi Petach Tikva', 'Maccabi Tel Aviv', 'Europe/London', '2017-08-09', '13:00:00', 16, NULL, NULL),
(28338211, 'NO', 4051, 'Jerv', 'Rosenborg', 'Europe/London', '2017-08-09', '11:30:00', 8, NULL, NULL),
(28338229, 'LT', 879221, 'Kauno Zalgiris', 'Trakai', 'Europe/London', '2017-08-09', '10:00:00', 17, NULL, NULL),
(28338230, 'LT', 879221, 'Zalgiris', 'FK Suduva', 'Europe/London', '2017-08-09', '12:00:00', 23, NULL, NULL),
(28338235, 'PL', 5449376, 'MOSP Jagiellonia U19', 'AP LKS Lodz U19', 'Europe/London', '2017-08-09', '10:00:00', 14, NULL, NULL),
(28338236, 'PL', 5449376, 'UKS SMS Lodz U19', 'Jagiellonia U19', 'Europe/London', '2017-08-09', '10:00:00', 15, NULL, NULL),
(28338238, 'RU', 868392, 'Akhmat Groznyi (Y)', 'FK Krasnodar (Y)', 'Europe/London', '2017-08-09', '10:00:00', 14, NULL, NULL),
(28338239, 'CS', 103, 'Borac Cacak', 'Vojvodina', 'Europe/London', '2017-08-09', '13:00:00', 16, NULL, NULL),
(28338250, 'UA', 872215, 'Cherkaskyi Dnipro', 'Helios', 'Europe/London', '2017-08-09', '10:00:00', 14, NULL, NULL),
(28338256, 'VE', 7893771, 'Atletico Guanare', 'Deportivo Lara', 'Europe/London', '2017-08-10', '14:00:00', 23, NULL, NULL),
(28338258, 'VE', 7893771, 'Atletico Socopo', 'Zamora', 'Europe/London', '2017-08-09', '14:00:00', 21, NULL, NULL),
(28338264, 'VE', 7893771, 'Deportivo JBL Zulia', 'Trujillanos', 'Europe/London', '2017-08-09', '14:00:00', 23, NULL, NULL),
(28338265, 'VE', 7893771, 'Deportivo Petare', 'Deportivo La Guaira', 'Europe/London', '2017-08-09', '18:00:00', 23, NULL, NULL),
(28338266, 'VE', 7893771, 'Estudiantes de Caracas', 'Metropolitanos', 'Europe/London', '2017-08-09', '12:00:00', 23, NULL, NULL),
(28338267, 'VE', 7893771, 'LALA FC', 'Monagas', 'Europe/London', '2017-08-09', '14:00:00', 23, NULL, NULL),
(28338268, 'VE', 7893771, 'ULA Merida FC', 'Estudiantes de Merida', 'Europe/London', '2017-08-09', '14:30:00', 23, NULL, NULL),
(28338270, 'UA', 8616348, 'AC Milan', 'Betis', 'Europe/London', '2017-08-09', '13:45:00', 18, NULL, NULL),
(28338271, 'UA', 8616348, 'Alcorcon', 'Getafe', 'Europe/London', '2017-08-09', '13:00:00', 14, NULL, NULL),
(28338272, 'UA', 8616348, 'Atletico Astorga CF', 'Leonesa', 'Europe/London', '2017-08-09', '13:15:00', 11, NULL, NULL),
(28338273, 'UA', 8616348, 'Atromitos', 'Olympiakos', 'Europe/London', '2017-08-09', '12:30:00', 23, NULL, NULL),
(28338274, 'UA', 8616348, 'De Graafschap', 'Achilles 29', 'Europe/London', '2017-08-09', '12:00:00', 23, NULL, NULL),
(28338275, 'UA', 8616348, 'FC Cartagena', 'Albacete', 'Europe/London', '2017-08-09', '14:00:00', 21, NULL, NULL),
(28338276, 'UA', 8616348, 'Gimnàstic', 'Zaragoza', 'Europe/London', '2017-08-09', '13:30:00', 14, NULL, NULL),
(28338277, 'UA', 8616348, 'Kustosija', 'NK Sesvete', 'Europe/London', '2017-08-09', '11:00:00', 18, NULL, NULL),
(28338278, 'UA', 8616348, 'Linense', 'Al Wasl', 'Europe/London', '2017-08-09', '13:00:00', 16, NULL, NULL),
(28338279, 'UA', 8616348, 'Lorca FC', 'Bani Yas', 'Europe/London', '2017-08-09', '12:00:00', 23, NULL, NULL),
(28338281, 'UA', 8616348, 'Lugo', 'Mallorca', 'Europe/London', '2017-08-09', '13:00:00', 17, NULL, NULL),
(28338282, 'UA', 8616348, 'Mirandes', 'Leioa', 'Europe/London', '2017-08-09', '12:00:00', 23, NULL, NULL),
(28338283, 'UA', 8616348, 'Sociedad B', 'Real Union', 'Europe/London', '2017-08-09', '12:00:00', 23, NULL, NULL),
(28338284, 'UA', 8616348, 'Sporting Gijon', 'Racing Santander', 'Europe/London', '2017-08-09', '11:30:00', 23, NULL, NULL),
(28338285, 'UA', 8616348, 'UCAM Murcia', 'Bengaluru', 'Europe/London', '2017-08-09', '12:00:00', 23, NULL, NULL),
(28338286, 'UA', 8616348, 'US Folgore Caratese ASD', 'Novara', 'Europe/London', '2017-08-09', '13:00:00', 17, NULL, NULL),
(28338287, 'UA', 8616348, 'Valladolid', 'Rayo Vallecano', 'Europe/London', '2017-08-09', '13:00:00', 15, NULL, NULL),
(28338290, 'BO', 11433561, 'Real Murcia', 'Hercules', 'Europe/London', '2017-08-09', '14:00:00', 17, NULL, NULL),
(28338291, 'BR', 11433557, 'Leganes', 'Alaves', 'Europe/London', '2017-08-09', '13:45:00', 17, NULL, NULL),
(28338292, 'BO', 13051, 'Croatia Sub19', 'Italia Sub19', 'Europe/London', '2017-08-09', '11:30:00', 23, NULL, NULL),
(28338383, 'TT', 10564816, 'St. Anns Rangers', 'Defence Force FC', 'Europe/London', '2017-08-12', '17:00:00', 23, NULL, NULL),
(28338407, 'DE', 10662505, 'Koblenz', 'Dynamo Dresden', 'Europe/London', '2017-08-11', '12:00:00', 23, NULL, NULL),
(28338410, 'DE', 10662505, 'Chemnitzer', 'Bayern Munich', 'Europe/London', '2017-08-12', '08:30:00', 23, NULL, NULL),
(28338413, 'DE', 10662505, 'Luneburg', 'Mainz', 'Europe/London', '2017-08-12', '08:30:00', 23, NULL, NULL),
(28338415, 'DE', 10662505, 'Arminia Bielefeld', 'Fortuna Dusseldorf', 'Europe/London', '2017-08-12', '11:30:00', 23, NULL, NULL),
(28338417, 'DE', 10662505, 'Jahn Regensburg', 'SV Darmstadt', 'Europe/London', '2017-08-12', '11:30:00', 23, NULL, NULL),
(28338418, 'DE', 10662505, 'FC Rielasingen Arlen', 'Dortmund', 'Europe/London', '2017-08-12', '08:30:00', 23, NULL, NULL),
(28338419, 'DE', 10662505, 'Rot-Weiss Erfurt', 'Hoffenheim', 'Europe/London', '2017-08-12', '11:30:00', 23, NULL, NULL),
(28338420, 'DE', 10662505, 'TuS Erndtebruck', 'Eintracht Frankfurt', 'Europe/London', '2017-08-12', '08:30:00', 23, NULL, NULL),
(28338421, 'DE', 10662505, 'Wurzburger Kickers', 'Werder Bremen', 'Europe/London', '2017-08-12', '13:45:00', 23, NULL, NULL),
(28338422, 'DE', 10662505, 'Leher TS', 'FC Koln', 'Europe/London', '2017-08-12', '08:30:00', 23, NULL, NULL),
(28338423, 'DE', 10662505, 'Unterhaching', 'FC Heidenheim', 'Europe/London', '2017-08-12', '08:30:00', 23, NULL, NULL),
(28338425, 'DE', 10662505, 'Germania Halberstadt', 'Freiburg', 'Europe/London', '2017-08-12', '08:30:00', 23, NULL, NULL),
(28338426, 'DE', 10662505, 'SV Eichede', 'Kaiserslautern', 'Europe/London', '2017-08-12', '08:30:00', 23, NULL, NULL),
(28338889, 'FR', 57, 'Sochaux', 'Lens', 'Europe/London', '2017-08-12', '08:00:00', 31, NULL, NULL),
(28339105, 'SK', 113, 'FC Nitra', 'Zlate Moravce', 'Europe/London', '2017-08-11', '11:30:00', 23, NULL, NULL),
(28339117, 'CH', 105, 'Kilmarnock', 'Hearts', 'Europe/London', '2017-08-12', '09:00:00', 26, NULL, NULL),
(28339138, 'IE', 7485811, 'Wexford', 'Crumlin Utd', 'Europe/London', '2017-08-11', '14:00:00', 8, NULL, NULL),
(28339139, 'IE', 7485811, 'Finn Harps', 'Bohemians', 'Europe/London', '2017-08-11', '14:00:00', 8, NULL, NULL),
(28339140, 'IE', 7485811, 'Shamrock Rovers', 'Glenville', 'Europe/London', '2017-08-11', '14:00:00', 8, NULL, NULL),
(28339141, 'IE', 7485811, 'Cabinteely', 'UCD', 'Europe/London', '2017-08-11', '13:00:00', 8, NULL, NULL),
(28339142, 'IE', 7485811, 'Waterford', 'Shelbourne', 'Europe/London', '2017-08-11', '13:45:00', 8, NULL, NULL),
(28339148, 'RO', 4905, 'ACS Poli Timisoara', 'Viitorul Constanta', 'Europe/London', '2017-08-11', '13:00:00', 26, NULL, NULL),
(28339150, 'RO', 4905, 'Concordia Chiajna', 'Juventus Bucharest', 'Europe/London', '2017-08-12', '10:30:00', 26, NULL, NULL),
(28339151, 'RO', 4905, 'FCSB', 'Astra Giurgiu', 'Europe/London', '2017-08-12', '13:00:00', 26, NULL, NULL),
(28339159, 'IT', 1874, 'Torino', 'Trapani', 'Europe/London', '2017-08-11', '14:15:00', 38, NULL, NULL),
(28339161, 'IT', 1874, 'Udinese', 'Frosinone', 'Europe/London', '2017-08-12', '13:45:00', 38, NULL, NULL),
(28339163, 'IT', 1874, 'SPAL', 'Renate', 'Europe/London', '2017-08-12', '13:30:00', 38, NULL, NULL),
(28339164, 'IT', 1874, 'Bologna', 'Cittadella', 'Europe/London', '2017-08-12', '13:00:00', 38, NULL, NULL),
(28339165, 'IT', 1874, 'Sassuolo', 'Spezia', 'Europe/London', '2017-08-12', '13:45:00', 38, NULL, NULL),
(28339166, 'IT', 1874, 'Pordenone', 'Lecce', 'Europe/London', '2017-08-12', '13:30:00', 38, NULL, NULL),
(28339167, 'IT', 1874, 'Brescia', 'Pescara', 'Europe/London', '2017-08-12', '13:30:00', 38, NULL, NULL),
(28339168, 'IT', 1874, 'Chievo', 'Ascoli', 'Europe/London', '2017-08-12', '13:45:00', 38, NULL, NULL),
(28339169, 'IT', 1874, 'Bari', 'Cremonese', 'Europe/London', '2017-08-12', '14:00:00', 38, NULL, NULL),
(28339170, 'IT', 1874, 'Cagliari', 'Palermo', 'Europe/London', '2017-08-12', '14:15:00', 38, NULL, NULL),
(28339171, 'IT', 1874, 'Sampdoria', 'Foggia', 'Europe/London', '2017-08-12', '13:45:00', 38, NULL, NULL),
(28339172, 'IT', 1874, 'Benevento', 'Perugia', 'Europe/London', '2017-08-12', '13:30:00', 38, NULL, NULL);
INSERT INTO `partido` (`ID_PARTIDO`, `ID_PAIS`, `ID_COMPETENCIA`, `LOCAL`, `VISITANTE`, `TIMEZONE`, `FECHA`, `HORA`, `MARKET_COUNT`, `ESTADO`, `AUTORIZADO`) VALUES
(28339173, 'IT', 1874, 'Carpi', 'Salernitana', 'Europe/London', '2017-08-12', '13:30:00', 38, NULL, NULL),
(28339174, 'IT', 1874, 'Crotone', 'Piacenza', 'Europe/London', '2017-08-12', '13:45:00', 38, NULL, NULL),
(28339233, 'BE', 3037492, 'Anderlecht (Y)', 'KV Oostende (Res)', 'Europe/London', '2017-08-10', '12:30:00', 23, NULL, NULL),
(28339235, 'BG', 5618298, 'Litex Lovech', 'Sozopol', 'Europe/London', '2017-08-10', '12:30:00', 23, NULL, NULL),
(28339237, 'BR', 11420561, 'Plaza Amador', 'Portmore Utd', 'Europe/London', '2017-08-09', '19:00:00', 23, NULL, NULL),
(28339239, 'ES', 1032778, 'Cerdanyola del Valles', 'Cornella', 'Europe/London', '2017-08-10', '13:00:00', 23, NULL, NULL),
(28339241, 'CO', 854148, 'Millonarios', 'Junior', 'Europe/London', '2017-08-09', '19:10:00', 23, NULL, NULL),
(28339243, 'BR', 3583988, 'Portuguesa SP', 'Agua Santa', 'Europe/London', '2017-08-09', '18:00:00', 23, NULL, NULL),
(28339245, 'VE', 7893771, 'Urena', 'Deportivo Tachira', 'Europe/London', '2017-08-09', '18:00:00', 23, NULL, NULL),
(28339246, 'VE', 7893771, 'Llaneros', 'Portuguesa (Ven)', 'Europe/London', '2017-08-09', '18:00:00', 23, NULL, NULL),
(28339248, 'CR', 2079376, 'Herediano', 'Limon', 'Europe/London', '2017-08-09', '21:00:00', 23, NULL, NULL),
(28339253, 'VN', 3765209, 'Tien Giang FC U21', 'Long An FC U21', 'Europe/London', '2017-08-10', '05:00:00', 23, NULL, NULL),
(28339254, 'VN', 3765209, 'An Giang U21', 'Can Tho FC U21', 'Europe/London', '2017-08-10', '03:00:00', 23, NULL, NULL),
(28339255, 'VN', 3765209, 'PVF U21', 'Dong Nai U21', 'Europe/London', '2017-08-10', '03:30:00', 23, NULL, NULL),
(28339256, 'VN', 3765209, 'TP Ho Chi Minh FC U21', 'Binh Phuoc U21', 'Europe/London', '2017-08-10', '01:30:00', 23, NULL, NULL),
(28339257, 'VN', 3765209, 'Da Nang U21', 'Binh Dinh FC U21', 'Europe/London', '2017-08-10', '03:30:00', 23, NULL, NULL),
(28339258, 'VN', 3765209, 'Khanh Hoa U21', 'Thua Thien-Hue U21', 'Europe/London', '2017-08-10', '06:00:00', 23, NULL, NULL),
(28339260, 'US', 3004992, 'Toronto FC II (USL)', 'Charlotte Independence', 'Europe/London', '2017-08-09', '19:00:00', 23, NULL, NULL),
(28339262, 'UA', 7946082, 'Dinamo Kiev U21', 'Zirka Kropyvnytsky U21', 'Europe/London', '2017-08-10', '06:00:00', 23, NULL, NULL),
(28339265, 'SA', 853446, 'Al-Fateh (KSA)', 'Al-Taawon (KSA)', 'Europe/London', '2017-08-10', '11:00:00', 23, NULL, NULL),
(28339266, 'SA', 853446, 'Al-Hilal', 'Al-Feiha', 'Europe/London', '2017-08-10', '12:55:00', 23, NULL, NULL),
(28339268, 'LT', 879221, 'FK Atlantas', 'Jonava', 'Europe/London', '2017-08-10', '12:00:00', 23, NULL, NULL),
(28339269, 'LT', 879221, 'Utenis Utena', 'FC Stumbras', 'Europe/London', '2017-08-10', '10:00:00', 23, NULL, NULL),
(28339271, 'KR', 867459, 'Sangju Sangmu', 'Incheon Utd', 'Europe/London', '2017-08-12', '05:00:00', 23, NULL, NULL),
(28339272, 'KR', 867459, 'Jeonnam Dragons', 'Jeonbuk Motors', 'Europe/London', '2017-08-12', '05:00:00', 23, NULL, NULL),
(28339273, 'KR', 867459, 'Suwon Bluewings', 'FC Seoul', 'Europe/London', '2017-08-12', '05:00:00', 23, NULL, NULL),
(28339284, 'ID', 11402030, 'Persiba Bantul', 'Sragen United', 'Europe/London', '2017-08-10', '03:00:00', 23, NULL, NULL),
(28339285, 'IS', 911286, 'Thor KA (W)', 'Fylkir (W)', 'Europe/London', '2017-08-10', '13:00:00', 23, NULL, NULL),
(28339287, 'IS', 984404, 'HK Vikingur (W)', 'Keflavik (W)', 'Europe/London', '2017-08-10', '14:15:00', 23, NULL, NULL),
(28339289, 'GE', 4040072, 'Dila Gori', 'FC Saburtalo Tbilisi', 'Europe/London', '2017-08-10', '11:30:00', 23, NULL, NULL),
(28339291, 'UA', 8616348, 'ASD Pineto Calcio', 'Pescara', 'Europe/London', '2017-08-10', '13:45:00', 23, NULL, NULL),
(28339292, 'UA', 8616348, 'Pistoiese', 'Fiorentina', 'Europe/London', '2017-08-10', '13:30:00', 23, NULL, NULL),
(28339294, 'FI', 5281887, 'HooGee', 'Espoon Tikka', 'Europe/London', '2017-08-10', '12:15:00', 23, NULL, NULL),
(28339296, 'EE', 873203, 'Tallinna Kalev', 'FC Elva', 'Europe/London', '2017-08-10', '11:00:00', 23, NULL, NULL),
(28339304, 'CL', 961354, 'Univ Catolica (Chile)', 'Rangers (Chile)', 'Europe/London', '2017-08-09', '19:00:00', 23, NULL, NULL),
(28339306, 'VE', 7893771, 'Pacairigua FC', 'Atletico Venezuela', 'Europe/London', '2017-08-10', '12:00:00', 23, NULL, NULL),
(28339308, 'IL', 8083549, 'Hapoel Beer Sheva', 'Bnei Yehuda', 'Europe/London', '2017-08-10', '12:45:00', 23, NULL, NULL),
(28339310, 'UZ', 7197874, 'FK Uz-Dong-Ju Andijon', 'FK Yozavon Lochinglari', 'Europe/London', '2017-08-10', '06:00:00', 23, NULL, NULL),
(28339311, 'UZ', 7197874, 'FK NBU Osiyo Tashkent', 'FK Istiqlol Fergana', 'Europe/London', '2017-08-10', '06:00:00', 23, NULL, NULL),
(28339321, 'BR', 7883210, 'Clube Andra Brasil U23', 'Assoc Portuguesa U23', 'Europe/London', '2017-08-10', '13:30:00', 23, NULL, NULL),
(28339338, 'US', 141, 'Kansas City', 'San Jose Earthquakes', 'Europe/London', '2017-08-09', '19:30:00', 31, NULL, NULL),
(28339345, 'MY', 1105022, 'Kuala Lumpur', 'PKNS', 'Europe/London', '2017-08-09', '08:00:00', 24, NULL, NULL),
(28339346, 'MY', 1105022, 'Terengganu', 'Sarawak', 'Europe/London', '2017-08-09', '08:00:00', 24, NULL, NULL),
(28339347, 'MY', 1105022, 'UiTM', 'Melaka Utd', 'Europe/London', '2017-08-09', '08:00:00', 24, NULL, NULL),
(28339348, 'MY', 1105022, 'Johor Darul Takzim', 'Selangor', 'Europe/London', '2017-08-09', '08:00:00', 24, NULL, NULL),
(28339349, 'MY', 1105022, 'Negeri Sembilan', 'PKNP', 'Europe/London', '2017-08-09', '08:00:00', 24, NULL, NULL),
(28339350, 'MY', 1105022, 'Perak', 'Felda Utd', 'Europe/London', '2017-08-09', '08:00:00', 24, NULL, NULL),
(28339351, 'MY', 1105022, 'Pahang', 'PBDKT T-Team', 'Europe/London', '2017-08-09', '08:00:00', 24, NULL, NULL),
(28339601, 'BR', 3127716, 'Gremio Nov’tino U20', 'Botafogo SP U20', 'Europe/London', '2017-08-09', '13:00:00', 15, NULL, NULL),
(28339611, 'JP', 1062024, 'Nagoya', 'Matsumoto', 'Europe/London', '2017-08-12', '04:00:00', 23, NULL, NULL),
(28339732, 'IS', 943450, 'IF Magni', 'Tindastoll', 'Europe/London', '2017-08-10', '14:15:00', 23, NULL, NULL),
(28340147, 'UA', 8616348, 'Nápoles', 'Espanyol', 'Europe/London', '2017-08-10', '14:00:00', 23, NULL, NULL),
(28340148, 'UA', 8616348, 'Sevilla', 'Roma', 'Europe/London', '2017-08-10', '15:00:00', 23, NULL, NULL),
(28340192, 'PY', 839575, 'Sportivo Trinidense', 'Sol de America (Par)', 'Europe/London', '2017-08-12', '16:10:00', 23, NULL, NULL),
(28340193, 'PY', 839575, 'Rubio Nu', 'Nacional (Par)', 'Europe/London', '2017-08-11', '18:10:00', 23, NULL, NULL),
(28340418, 'PY', 839575, 'General Diaz', 'Independiente FBC', 'Europe/London', '2017-08-11', '16:00:00', 23, NULL, NULL),
(28340528, 'AM', 2888729, 'FC Pyunik', 'Gandzasar Kapan', 'Europe/London', '2017-08-11', '10:00:00', 23, NULL, NULL),
(28340530, 'AT', 7317506, 'Wiener SK', 'ASK Ebreichsdorf', 'Europe/London', '2017-08-11', '12:30:00', 23, NULL, NULL),
(28340531, 'AT', 7317506, 'Wals-Grunau', 'USK Anif', 'Europe/London', '2017-08-11', '12:30:00', 23, NULL, NULL),
(28340532, 'AT', 7317506, 'SV Schwechat', 'Austria Vienna (Am)', 'Europe/London', '2017-08-11', '12:30:00', 23, NULL, NULL),
(28340533, 'AT', 7317506, 'SC Kalsdorf', 'SV Lafnitz', 'Europe/London', '2017-08-11', '12:00:00', 23, NULL, NULL),
(28340534, 'AT', 7317506, 'FC Kufstein', 'SC Schwaz', 'Europe/London', '2017-08-11', '12:00:00', 23, NULL, NULL),
(28340535, 'AT', 7317506, 'Rapid Vienna (Am)', 'ASK-BSC Bruck-Leitha', 'Europe/London', '2017-08-11', '12:00:00', 23, NULL, NULL),
(28340537, 'AZ', 895129, 'Neftchi Baku', 'Qarabag FK', 'Europe/London', '2017-08-11', '12:00:00', 23, NULL, NULL),
(28340539, 'BY', 888275, 'BATE Borisov', 'Dinamo Brest', 'Europe/London', '2017-08-11', '11:00:00', 23, NULL, NULL),
(28340540, 'BY', 888275, 'Isloch', 'Gorodeya', 'Europe/London', '2017-08-11', '10:30:00', 23, NULL, NULL),
(28340542, 'BR', 9161841, 'Osasco Futebol Clube', 'Sao Jose EC SP', 'Europe/London', '2017-08-11', '17:00:00', 23, NULL, NULL),
(28340544, 'CM', 8824582, 'Yaounde II FC', 'Panthere Security', 'Europe/London', '2017-08-11', '09:30:00', 23, NULL, NULL),
(28340545, 'CM', 8824582, 'Tonnerre de Yaounde', 'Ngaoundere University', 'Europe/London', '2017-08-11', '07:30:00', 23, NULL, NULL),
(28340546, 'CM', 8824582, 'AS Matelots', 'PWD Bamenda', 'Europe/London', '2017-08-11', '07:30:00', 23, NULL, NULL),
(28340547, 'CM', 8824582, 'Dynamo de Douala', 'Bang Bullet FC', 'Europe/London', '2017-08-11', '09:30:00', 23, NULL, NULL),
(28340549, 'CO', 854148, 'America de Cali', 'Deportivo Cali', 'Europe/London', '2017-08-10', '19:45:00', 23, NULL, NULL),
(28340550, 'CO', 854148, 'Ind Medellin', 'Santa Fe', 'Europe/London', '2017-08-10', '19:30:00', 23, NULL, NULL),
(28340552, 'BR', 3583988, 'Ferroviaria', 'Mirassol', 'Europe/London', '2017-08-10', '18:00:00', 23, NULL, NULL),
(28340553, 'BR', 3583988, 'SC Atibaia', 'Rio Branco SP', 'Europe/London', '2017-08-11', '13:00:00', 23, NULL, NULL),
(28340555, 'CZ', 1987477, 'Ceske Budejovice U19', 'MFK OKD Karvina U19', 'Europe/London', '2017-08-11', '03:30:00', 23, NULL, NULL),
(28340557, 'DK', 7998231, 'Hvidovre', 'Naestved', 'Europe/London', '2017-08-11', '11:30:00', 23, NULL, NULL),
(28340560, 'NO', 920858, 'Vestfossen IF', 'Orn Horten', 'Europe/London', '2017-08-11', '12:00:00', 23, NULL, NULL),
(28340562, 'DK', 8244827, 'Taastrup FC', 'Stenloese', 'Europe/London', '2017-08-11', '11:30:00', 23, NULL, NULL),
(28340564, 'PL', 7710075, 'LKS Wislanie Jaskowice', 'Stal Rzeszow', 'Europe/London', '2017-08-11', '10:30:00', 23, NULL, NULL),
(28340565, 'DK', 8244827, 'Kolding Boldklub', 'Varde', 'Europe/London', '2017-08-11', '12:00:00', 23, NULL, NULL),
(28340567, 'GB', 9969899, 'Man City U23', 'Chelsea U23', 'Europe/London', '2017-08-11', '13:05:00', 23, NULL, NULL),
(28340568, 'GB', 9969899, 'Sunderland U23', 'Tottenham U23', 'Europe/London', '2017-08-11', '13:00:00', 23, NULL, NULL),
(28340570, 'PL', 876442, 'LKS Lodz', 'MKS Kluczbork', 'Europe/London', '2017-08-11', '10:00:00', 23, NULL, NULL),
(28340571, 'PL', 876442, 'Warta Poznan', 'ROW Rybnik', 'Europe/London', '2017-08-11', '10:45:00', 23, NULL, NULL),
(28340572, 'GB', 9969899, 'Swansea U23', 'Liverpool U23', 'Europe/London', '2017-08-11', '13:00:00', 23, NULL, NULL),
(28340573, 'PL', 876442, 'Radomiak Radom', 'Rozwoj Katowice', 'Europe/London', '2017-08-11', '11:30:00', 23, NULL, NULL),
(28340574, 'GB', 9969899, 'West Ham U23', 'Everton U23', 'Europe/London', '2017-08-11', '13:00:00', 23, NULL, NULL),
(28340575, 'GB', 9969899, 'Fulham U23', 'Middlesbrough U23', 'Europe/London', '2017-08-11', '08:00:00', 23, NULL, NULL),
(28340577, 'FI', 5281887, 'LoPa', 'Malmin Ponnistajat', 'Europe/London', '2017-08-11', '10:30:00', 23, NULL, NULL),
(28340578, 'FI', 5281887, 'Atlantis', 'EIF Ekenas II', 'Europe/London', '2017-08-11', '11:15:00', 23, NULL, NULL),
(28340580, 'GE', 4040072, 'FC Lokomotivi Tbilisi', 'Torpedo Kutaisi', 'Europe/London', '2017-08-11', '09:00:00', 23, NULL, NULL),
(28340582, 'IS', 943450, 'Afturelding', 'Njardvik', 'Europe/London', '2017-08-11', '14:15:00', 23, NULL, NULL),
(28340584, 'IS', 3126286, 'KFG', 'Berserkir', 'Europe/London', '2017-08-11', '16:00:00', 23, NULL, NULL);

-- --------------------------------------------------------

--
-- Estructura de tabla para la tabla `usuario`
--

CREATE TABLE `usuario` (
  `CEDULA` varchar(20) NOT NULL,
  `P_NOMBRE` varchar(20) DEFAULT NULL,
  `S_NOMBRE` varchar(20) DEFAULT NULL,
  `P_APELIIDO` varchar(20) DEFAULT NULL,
  `S_APELLIDO` varchar(20) DEFAULT NULL,
  `EMAIL` varchar(30) DEFAULT NULL,
  `CLAVE` varchar(50) DEFAULT NULL,
  `USUARIO` varchar(10) DEFAULT NULL,
  `FECHA_NAC` date DEFAULT NULL,
  `DIRECCION` varchar(30) DEFAULT NULL,
  `TELEFONO` varchar(20) DEFAULT NULL,
  `SALDO` decimal(10,0) DEFAULT NULL
) ENGINE=InnoDB DEFAULT CHARSET=latin1;

--
-- Volcado de datos para la tabla `usuario`
--

INSERT INTO `usuario` (`CEDULA`, `P_NOMBRE`, `S_NOMBRE`, `P_APELIIDO`, `S_APELLIDO`, `EMAIL`, `CLAVE`, `USUARIO`, `FECHA_NAC`, `DIRECCION`, `TELEFONO`, `SALDO`) VALUES
('1110540682', 'Milton', NULL, 'Otavo', NULL, 'milton.otavo@gmail.com', 'admin', 'admin', NULL, NULL, NULL, NULL);

--
-- Índices para tablas volcadas
--

--
-- Indices de la tabla `catalogo_odds`
--
ALTER TABLE `catalogo_odds`
  ADD PRIMARY KEY (`ID_CATALOGO`);

--
-- Indices de la tabla `competencia`
--
ALTER TABLE `competencia`
  ADD PRIMARY KEY (`ID_COMPETENCIA`);

--
-- Indices de la tabla `odds`
--
ALTER TABLE `odds`
  ADD PRIMARY KEY (`ID_ODD`);

--
-- Indices de la tabla `pais`
--
ALTER TABLE `pais`
  ADD PRIMARY KEY (`ID_PAIS`);

--
-- Indices de la tabla `partido`
--
ALTER TABLE `partido`
  ADD PRIMARY KEY (`ID_PARTIDO`),
  ADD KEY `ID_COMPETENCIA` (`ID_COMPETENCIA`),
  ADD KEY `ID_PAIS` (`ID_PAIS`);

--
-- Indices de la tabla `usuario`
--
ALTER TABLE `usuario`
  ADD PRIMARY KEY (`CEDULA`);

--
-- Restricciones para tablas volcadas
--

--
-- Filtros para la tabla `partido`
--
ALTER TABLE `partido`
  ADD CONSTRAINT `fk_partido_compe` FOREIGN KEY (`ID_COMPETENCIA`) REFERENCES `competencia` (`ID_COMPETENCIA`),
  ADD CONSTRAINT `fk_partido_pais` FOREIGN KEY (`ID_PAIS`) REFERENCES `pais` (`ID_PAIS`);

/*!40101 SET CHARACTER_SET_CLIENT=@OLD_CHARACTER_SET_CLIENT */;
/*!40101 SET CHARACTER_SET_RESULTS=@OLD_CHARACTER_SET_RESULTS */;
/*!40101 SET COLLATION_CONNECTION=@OLD_COLLATION_CONNECTION */;
