-- phpMyAdmin SQL Dump
-- version 4.6.4
-- https://www.phpmyadmin.net/
--
-- Servidor: 127.0.0.1
-- Tiempo de generación: 22-08-2017 a las 15:27:02
-- Versión del servidor: 5.7.14
-- Versión de PHP: 5.6.25

SET SQL_MODE = "NO_AUTO_VALUE_ON_ZERO";
SET time_zone = "+00:00";


/*!40101 SET @OLD_CHARACTER_SET_CLIENT=@@CHARACTER_SET_CLIENT */;
/*!40101 SET @OLD_CHARACTER_SET_RESULTS=@@CHARACTER_SET_RESULTS */;
/*!40101 SET @OLD_COLLATION_CONNECTION=@@COLLATION_CONNECTION */;
/*!40101 SET NAMES utf8mb4 */;

--
-- Base de datos: `apifootball`
--

-- --------------------------------------------------------

--
-- Estructura de tabla para la tabla `competencia`
--

CREATE TABLE `competencia` (
  `ID_COMPETENCIA` int(11) NOT NULL,
  `ID_PAIS` int(11) NOT NULL,
  `NOMBRE` varchar(30) DEFAULT NULL
) ENGINE=InnoDB DEFAULT CHARSET=latin1;

--
-- Volcado de datos para la tabla `competencia`
--

INSERT INTO `competencia` (`ID_COMPETENCIA`, `ID_PAIS`, `NOMBRE`) VALUES
(2402309, 123, 'OBOS-Ligaen'),
(2404679, 154, 'K League Challenge'),
(2439299, 183, 'Copa do Brasil'),
(2444576, 4, 'Major League Soccer'),
(2512538, 183, 'Série A'),
(2512958, 183, 'Série B'),
(2524535, 238, 'Persian Gulf League'),
(2524804, 22, '1.division'),
(2530535, 135, 'Bet25 Liga'),
(2538650, 243, 'EFL Cup'),
(2546009, 218, 'Liga MX - Apertura'),
(2568383, 161, 'Regional Liga Bayern'),
(2568385, 161, 'Regional Liga Südwest'),
(2590991, 76, 'Segunda Liga'),
(2615602, 248, 'UEFA Champions League - Playof'),
(2618359, 248, 'AFC Champion League - Quarter '),
(2620858, 248, 'UEFA Europa League - Playoffs'),
(2626641, 231, 'Copa Venezuela'),
(2627536, 248, 'Copa Sudamericana - 1/8 Finals'),
(2630071, 14, 'Premier League'),
(50004908, 57, 'Hungary NB II'),
(50007869, 172, 'FFA Cup'),
(50008459, 79, 'Russian Cup'),
(50008498, 55, 'Croatian Cup'),
(50008530, 147, 'France Coupe de la Ligue'),
(50008555, 78, 'Romanian Cup'),
(50011842, 195, 'Copa Chile'),
(50012357, 248, 'AFC Cup Play-offs Round'),
(50013231, 71, 'LFPB');

-- --------------------------------------------------------

--
-- Estructura de tabla para la tabla `cuota`
--

CREATE TABLE `cuota` (
  `ID_CUOTA` bigint(20) NOT NULL,
  `ID_PARTIDO` bigint(20) NOT NULL,
  `ID_TIPO` bigint(20) NOT NULL,
  `VALOR` varchar(6) NOT NULL,
  `FECHALOG` timestamp NOT NULL DEFAULT CURRENT_TIMESTAMP ON UPDATE CURRENT_TIMESTAMP
) ENGINE=InnoDB DEFAULT CHARSET=latin1;

--
-- Volcado de datos para la tabla `cuota`
--

INSERT INTO `cuota` (`ID_CUOTA`, `ID_PARTIDO`, `ID_TIPO`, `VALOR`, `FECHALOG`) VALUES
(2, 699933733, 1, '1.36', '2017-08-22 14:38:35'),
(3, 699933733, 2, '4.65', '2017-08-22 14:49:00'),
(4, 699933733, 3, '8.00', '2017-08-22 14:49:00'),
(5, 699933733, 4, '2.00', '2017-08-22 14:49:00'),
(6, 699933733, 5, '1.60', '2017-08-22 14:49:00'),
(7, 699933733, 6, '1.08', '2017-08-22 14:49:00'),
(8, 699933733, 7, '2.81', '2017-08-22 14:49:00'),
(9, 699933733, 8, '1.10', '2017-08-22 14:49:00'),
(11, 699933733, 9, '1.51', '2017-08-22 15:07:59'),
(12, 699933733, 10, '2.16', '2017-08-22 15:07:59'),
(13, 699933733, 11, '8.30', '2017-08-22 15:08:00'),
(14, 699933733, 12, '1.81', '2017-08-22 15:08:00'),
(15, 699933733, 13, '1', '2017-08-22 15:24:41'),
(16, 699933731, 1, '2.75', '2017-08-22 15:17:43'),
(17, 699933731, 2, '4.10', '2017-08-22 15:17:43'),
(18, 699933731, 3, '2.15', '2017-08-22 15:17:43'),
(19, 699933731, 4, '2.50', '2017-08-22 15:17:44'),
(20, 699933731, 5, '1.38', '2017-08-22 15:17:44'),
(21, 699933731, 6, '1.44', '2017-08-22 15:17:44'),
(22, 699933731, 7, '1.25', '2017-08-22 15:17:44'),
(23, 699933731, 8, '1.28', '2017-08-22 15:17:44'),
(24, 699933731, 9, '3.05', '2017-08-22 15:17:44'),
(25, 699933731, 10, '2.00', '2017-08-22 15:17:44'),
(26, 699933731, 11, '2.45', '2017-08-22 15:17:44'),
(27, 699933731, 12, '1.34', '2017-08-22 15:17:44'),
(28, 699933731, 13, '1', '2017-08-22 15:24:56'),
(29, 699933734, 1, '4.20', '2017-08-22 15:17:44'),
(30, 699933734, 2, '3.65', '2017-08-22 15:17:44'),
(31, 699933734, 3, '1.80', '2017-08-22 15:17:44'),
(32, 699933734, 4, '2.10', '2017-08-22 15:17:44'),
(33, 699933734, 5, '1.55', '2017-08-22 15:17:44'),
(34, 699933734, 6, '1.86', '2017-08-22 15:17:44'),
(35, 699933734, 7, '1.17', '2017-08-22 15:17:44'),
(36, 699933734, 8, '1.24', '2017-08-22 15:17:44'),
(37, 699933734, 9, '4.50', '2017-08-22 15:17:44'),
(38, 699933734, 10, '2.08', '2017-08-22 15:17:44'),
(39, 699933734, 11, '2.10', '2017-08-22 15:17:45'),
(40, 699933734, 12, '1.52', '2017-08-22 15:17:45'),
(41, 699933734, 13, '1', '2017-08-22 15:24:56'),
(42, 699933732, 1, '3.20', '2017-08-22 15:17:45'),
(43, 699933732, 2, '3.90', '2017-08-22 15:17:45'),
(44, 699933732, 3, '2.00', '2017-08-22 15:17:45'),
(45, 699933732, 4, '2.30', '2017-08-22 15:17:45'),
(46, 699933732, 5, '1.43', '2017-08-22 15:17:45'),
(47, 699933732, 6, '1.57', '2017-08-22 15:17:45'),
(48, 699933732, 7, '1.20', '2017-08-22 15:17:45'),
(49, 699933732, 8, '1.28', '2017-08-22 15:17:45'),
(50, 699933732, 9, '3.50', '2017-08-22 15:17:45'),
(51, 699933732, 10, '2.09', '2017-08-22 15:17:45'),
(52, 699933732, 11, '2.30', '2017-08-22 15:17:45'),
(53, 699933732, 12, '1.40', '2017-08-22 15:17:45'),
(54, 699933732, 13, '1', '2017-08-22 15:24:56'),
(55, 699934165, 1, '1.62', '2017-08-22 15:17:46'),
(56, 699934165, 2, '3.40', '2017-08-22 15:17:46'),
(57, 699934165, 3, '4.75', '2017-08-22 15:17:46'),
(58, 699934165, 4, '2.28', '2017-08-22 15:17:46'),
(59, 699934165, 5, '1.45', '2017-08-22 15:17:46'),
(60, 699934165, 6, '1.15', '2017-08-22 15:17:46'),
(61, 699934165, 7, '1.97', '2017-08-22 15:17:46'),
(62, 699934165, 8, '1.22', '2017-08-22 15:17:46'),
(63, 699934165, 9, '1.87', '2017-08-22 15:17:46'),
(64, 699934165, 10, '2.06', '2017-08-22 15:17:46'),
(65, 699934165, 11, '5.05', '2017-08-22 15:17:46'),
(66, 699934165, 12, '1.47', '2017-08-22 15:17:46'),
(67, 699934165, 13, '1', '2017-08-22 15:24:57'),
(68, 2620627, 1, '2.10', '2017-08-22 15:17:46'),
(69, 2620627, 2, '3.00', '2017-08-22 15:17:46'),
(70, 2620627, 3, '3.75', '2017-08-22 15:17:46'),
(71, 2620627, 4, '1.40', '2017-08-22 15:17:46'),
(72, 2620627, 5, '2.40', '2017-08-22 15:17:46'),
(73, 2620627, 6, '1.24', '2017-08-22 15:17:46'),
(74, 2620627, 7, '1.73', '2017-08-22 15:17:46'),
(75, 2620627, 8, '1.34', '2017-08-22 15:17:46'),
(76, 2620627, 9, '2.40', '2017-08-22 15:17:47'),
(77, 2620627, 10, '1.89', '2017-08-22 15:17:47'),
(78, 2620627, 11, '4.05', '2017-08-22 15:17:47'),
(79, 2620627, 12, '2.00', '2017-08-22 15:17:47'),
(80, 2620627, 13, '1', '2017-08-22 15:24:57'),
(81, 2620626, 1, '1.65', '2017-08-22 15:17:47'),
(82, 2620626, 2, '3.30', '2017-08-22 15:17:47'),
(83, 2620626, 3, '6.00', '2017-08-22 15:17:47'),
(84, 2620626, 4, '1.52', '2017-08-22 15:17:47'),
(85, 2620626, 5, '2.15', '2017-08-22 15:17:47'),
(86, 2620626, 6, '1.16', '2017-08-22 15:17:47'),
(87, 2620626, 7, '2.29', '2017-08-22 15:17:47'),
(88, 2620626, 8, '1.22', '2017-08-22 15:17:47'),
(89, 2620626, 9, '1.90', '2017-08-22 15:17:47'),
(90, 2620626, 10, '2.05', '2017-08-22 15:17:47'),
(91, 2620626, 11, '6.30', '2017-08-22 15:17:47'),
(92, 2620626, 12, '2.00', '2017-08-22 15:17:47'),
(93, 2620626, 13, '1', '2017-08-22 15:24:57'),
(94, 2512753, 1, '3.00', '2017-08-22 15:17:47'),
(95, 2512753, 2, '3.00', '2017-08-22 15:17:48'),
(96, 2512753, 3, '2.45', '2017-08-22 15:17:48'),
(97, 2512753, 4, '1.52', '2017-08-22 15:17:48'),
(98, 2512753, 5, '2.15', '2017-08-22 15:17:48'),
(99, 2512753, 6, '1.51', '2017-08-22 15:17:48'),
(100, 2512753, 7, '1.34', '2017-08-22 15:17:48'),
(101, 2512753, 8, '1.34', '2017-08-22 15:17:48'),
(102, 2512753, 9, '3.30', '2017-08-22 15:17:48'),
(103, 2512753, 10, '1.89', '2017-08-22 15:17:48'),
(104, 2512753, 11, '2.75', '2017-08-22 15:17:48'),
(105, 2512753, 12, '1.85', '2017-08-22 15:17:48'),
(106, 2512753, 13, '1', '2017-08-22 15:24:57'),
(107, 699912226, 1, '1.57', '2017-08-22 15:17:48'),
(108, 699912226, 2, '3.50', '2017-08-22 15:17:48'),
(109, 699912226, 3, '6.50', '2017-08-22 15:17:48'),
(110, 699912226, 4, '1.60', '2017-08-22 15:17:48'),
(111, 699912226, 5, '2.00', '2017-08-22 15:17:48'),
(112, 699912226, 6, '1.14', '2017-08-22 15:17:48'),
(113, 699912226, 7, '2.42', '2017-08-22 15:17:48'),
(114, 699912226, 8, '1.18', '2017-08-22 15:17:48'),
(115, 699912226, 9, '1.82', '2017-08-22 15:17:48'),
(116, 699912226, 10, '2.06', '2017-08-22 15:17:48'),
(117, 699912226, 11, '6.80', '2017-08-22 15:17:49'),
(118, 699912226, 12, '2.00', '2017-08-22 15:17:49'),
(119, 699912226, 13, '1', '2017-08-22 15:24:57'),
(120, 699912230, 1, '1.60', '2017-08-22 15:17:49'),
(121, 699912230, 2, '3.40', '2017-08-22 15:17:49'),
(122, 699912230, 3, '5.00', '2017-08-22 15:17:49'),
(123, 699912230, 4, '1.90', '2017-08-22 15:17:49'),
(124, 699912230, 5, '1.70', '2017-08-22 15:17:49'),
(125, 699912230, 6, '1.14', '2017-08-22 15:17:49'),
(126, 699912230, 7, '2.03', '2017-08-22 15:17:49'),
(127, 699912230, 8, '1.22', '2017-08-22 15:17:49'),
(128, 699912230, 9, '1.85', '2017-08-22 15:17:49'),
(129, 699912230, 10, '2.06', '2017-08-22 15:17:49'),
(130, 699912230, 11, '5.30', '2017-08-22 15:17:49'),
(131, 699912230, 12, '1.70', '2017-08-22 15:17:49'),
(132, 699912230, 13, '1', '2017-08-22 15:24:57'),
(133, 699922511, 1, '1.57', '2017-08-22 15:17:49'),
(134, 699922511, 2, '3.70', '2017-08-22 15:17:49'),
(135, 699922511, 3, '6.00', '2017-08-22 15:17:49'),
(136, 699922511, 4, '2.10', '2017-08-22 15:17:49'),
(137, 699922511, 5, '1.55', '2017-08-22 15:17:50'),
(138, 699922511, 6, '1.14', '2017-08-22 15:17:50'),
(139, 699922511, 7, '2.29', '2017-08-22 15:17:50'),
(140, 699922511, 8, '1.18', '2017-08-22 15:17:50'),
(141, 699922511, 9, '1.82', '2017-08-22 15:17:50'),
(142, 699922511, 10, '2.08', '2017-08-22 15:17:50'),
(143, 699922511, 11, '6.30', '2017-08-22 15:17:50'),
(144, 699922511, 12, '1.57', '2017-08-22 15:17:50'),
(145, 699922511, 13, '1', '2017-08-22 15:24:58'),
(146, 2530569, 1, '2.15', '2017-08-22 15:17:50'),
(147, 2530569, 2, '3.30', '2017-08-22 15:17:50'),
(148, 2530569, 3, '3.25', '2017-08-22 15:17:50'),
(149, 2530569, 4, '1.73', '2017-08-22 15:17:50'),
(150, 2530569, 5, '1.93', '2017-08-22 15:17:50'),
(151, 2530569, 6, '1.26', '2017-08-22 15:17:50'),
(152, 2530569, 7, '1.58', '2017-08-22 15:17:50'),
(153, 2530569, 8, '1.28', '2017-08-22 15:17:50'),
(154, 2530569, 9, '2.45', '2017-08-22 15:17:50'),
(155, 2530569, 10, '2.00', '2017-08-22 15:17:50'),
(156, 2530569, 11, '3.55', '2017-08-22 15:17:50'),
(157, 2530569, 12, '1.70', '2017-08-22 15:17:51'),
(158, 2530569, 13, '1', '2017-08-22 15:24:58'),
(159, 2530566, 1, '1.50', '2017-08-22 15:17:51'),
(160, 2530566, 2, '4.23', '2017-08-22 15:17:51'),
(161, 2530566, 3, '6.00', '2017-08-22 15:17:51'),
(162, 2530566, 4, '2.20', '2017-08-22 15:17:51'),
(163, 2530566, 5, '1.50', '2017-08-22 15:17:51'),
(164, 2530566, 6, '1.12', '2017-08-22 15:17:51'),
(165, 2530566, 7, '2.29', '2017-08-22 15:17:51'),
(166, 2530566, 8, '1.18', '2017-08-22 15:17:51'),
(167, 2530566, 9, '1.75', '2017-08-22 15:17:51'),
(168, 2530566, 10, '2.12', '2017-08-22 15:17:51'),
(169, 2530566, 11, '6.30', '2017-08-22 15:17:51'),
(170, 2530566, 12, '1.63', '2017-08-22 15:17:51'),
(171, 2530566, 13, '1', '2017-08-22 15:24:58'),
(172, 2530570, 1, '2.00', '2017-08-22 15:17:51'),
(173, 2530570, 2, '3.40', '2017-08-22 15:17:51'),
(174, 2530570, 3, '3.75', '2017-08-22 15:17:51'),
(175, 2530570, 4, '2.20', '2017-08-22 15:17:51'),
(176, 2530570, 5, '1.50', '2017-08-22 15:17:51'),
(177, 2530570, 6, '1.21', '2017-08-22 15:17:51'),
(178, 2530570, 7, '1.73', '2017-08-22 15:17:52'),
(179, 2530570, 8, '1.32', '2017-08-22 15:17:52'),
(180, 2530570, 9, '2.30', '2017-08-22 15:17:52'),
(181, 2530570, 10, '2.00', '2017-08-22 15:17:52'),
(182, 2530570, 11, '4.05', '2017-08-22 15:17:52'),
(183, 2530570, 12, '1.43', '2017-08-22 15:17:52'),
(184, 2530570, 13, '1', '2017-08-22 15:24:58'),
(185, 2530568, 1, '3.00', '2017-08-22 15:17:52'),
(186, 2530568, 2, '3.30', '2017-08-22 15:17:52'),
(187, 2530568, 3, '2.30', '2017-08-22 15:17:52'),
(188, 2530568, 4, '1.95', '2017-08-22 15:17:52'),
(189, 2530568, 5, '1.70', '2017-08-22 15:17:52'),
(190, 2530568, 6, '1.51', '2017-08-22 15:17:52'),
(191, 2530568, 7, '1.29', '2017-08-22 15:17:52'),
(192, 2530568, 8, '1.28', '2017-08-22 15:17:52'),
(193, 2530568, 9, '3.30', '2017-08-22 15:17:52'),
(194, 2530568, 10, '2.00', '2017-08-22 15:17:52'),
(195, 2530568, 11, '2.60', '2017-08-22 15:17:52'),
(196, 2530568, 12, '1.57', '2017-08-22 15:17:52'),
(197, 2530568, 13, '1', '2017-08-22 15:24:58'),
(198, 2530565, 1, '1.83', '2017-08-22 15:17:53'),
(199, 2530565, 2, '3.50', '2017-08-22 15:17:53'),
(200, 2530565, 3, '4.20', '2017-08-22 15:17:53'),
(201, 2530565, 4, '1.98', '2017-08-22 15:17:53'),
(202, 2530565, 5, '1.63', '2017-08-22 15:17:53'),
(203, 2530565, 6, '1.19', '2017-08-22 15:17:53'),
(204, 2530565, 7, '1.85', '2017-08-22 15:17:53'),
(205, 2530565, 8, '1.24', '2017-08-22 15:17:53'),
(206, 2530565, 9, '2.13', '2017-08-22 15:17:53'),
(207, 2530565, 10, '2.06', '2017-08-22 15:17:53'),
(208, 2530565, 11, '4.50', '2017-08-22 15:17:53'),
(209, 2530565, 12, '1.52', '2017-08-22 15:17:53'),
(210, 2530565, 13, '1', '2017-08-22 15:24:58'),
(211, 2444879, 1, '1.62', '2017-08-22 15:17:53'),
(212, 2444879, 2, '3.90', '2017-08-22 15:17:53'),
(213, 2444879, 3, '5.00', '2017-08-22 15:17:53'),
(214, 2444879, 4, '2.30', '2017-08-22 15:17:53'),
(215, 2444879, 5, '1.43', '2017-08-22 15:17:53'),
(216, 2444879, 6, '1.15', '2017-08-22 15:17:53'),
(217, 2444879, 7, '2.03', '2017-08-22 15:17:54'),
(218, 2444879, 8, '1.18', '2017-08-22 15:17:54'),
(219, 2444879, 9, '1.87', '2017-08-22 15:17:54'),
(220, 2444879, 10, '2.09', '2017-08-22 15:17:54'),
(221, 2444879, 11, '5.30', '2017-08-22 15:17:54'),
(222, 2444879, 12, '1.43', '2017-08-22 15:17:54'),
(223, 2444879, 13, '1', '2017-08-22 15:24:58'),
(224, 2444880, 1, '2.75', '2017-08-22 15:17:54'),
(225, 2444880, 2, '3.50', '2017-08-22 15:17:54'),
(226, 2444880, 3, '2.35', '2017-08-22 15:17:54'),
(227, 2444880, 4, '1.95', '2017-08-22 15:17:54'),
(228, 2444880, 5, '1.65', '2017-08-22 15:17:54'),
(229, 2444880, 6, '1.44', '2017-08-22 15:17:54'),
(230, 2444880, 7, '1.31', '2017-08-22 15:17:54'),
(231, 2444880, 8, '1.28', '2017-08-22 15:17:54'),
(232, 2444880, 9, '3.05', '2017-08-22 15:17:54'),
(233, 2444880, 10, '2.00', '2017-08-22 15:17:54'),
(234, 2444880, 11, '2.65', '2017-08-22 15:17:54'),
(235, 2444880, 12, '1.50', '2017-08-22 15:17:54'),
(236, 2444880, 13, '1', '2017-08-22 15:24:58'),
(237, 2444881, 1, '1.65', '2017-08-22 15:17:55'),
(238, 2444881, 2, '3.90', '2017-08-22 15:17:55'),
(239, 2444881, 3, '5.00', '2017-08-22 15:17:55'),
(240, 2444881, 4, '1.90', '2017-08-22 15:17:55'),
(241, 2444881, 5, '1.70', '2017-08-22 15:17:55'),
(242, 2444881, 6, '1.16', '2017-08-22 15:17:55'),
(243, 2444881, 7, '2.03', '2017-08-22 15:17:55'),
(244, 2444881, 8, '1.22', '2017-08-22 15:17:55'),
(245, 2444881, 9, '1.90', '2017-08-22 15:17:55'),
(246, 2444881, 10, '2.09', '2017-08-22 15:17:55'),
(247, 2444881, 11, '5.30', '2017-08-22 15:17:55'),
(248, 2444881, 12, '1.73', '2017-08-22 15:17:55'),
(249, 2444881, 13, '1', '2017-08-22 15:24:58'),
(250, 2444876, 1, '1.44', '2017-08-22 15:17:55'),
(251, 2444876, 2, '4.23', '2017-08-22 15:17:55'),
(252, 2444876, 3, '7.50', '2017-08-22 15:17:55'),
(253, 2444876, 4, '2.25', '2017-08-22 15:17:55'),
(254, 2444876, 5, '1.47', '2017-08-22 15:17:56'),
(255, 2444876, 6, '1.10', '2017-08-22 15:17:56'),
(256, 2444876, 7, '2.68', '2017-08-22 15:17:56'),
(257, 2444876, 8, '1.15', '2017-08-22 15:17:56'),
(258, 2444876, 9, '1.59', '2017-08-22 15:17:56'),
(259, 2444876, 10, '2.12', '2017-08-22 15:17:56'),
(260, 2444876, 11, '7.80', '2017-08-22 15:17:56'),
(261, 2444876, 12, '1.65', '2017-08-22 15:17:56'),
(262, 2444876, 13, '1', '2017-08-22 15:24:59'),
(263, 2444878, 1, '2.15', '2017-08-22 15:17:56'),
(264, 2444878, 2, '3.40', '2017-08-22 15:17:56'),
(265, 2444878, 3, '3.20', '2017-08-22 15:17:56'),
(266, 2444878, 4, '1.98', '2017-08-22 15:17:56'),
(267, 2444878, 5, '1.63', '2017-08-22 15:17:56'),
(268, 2444878, 6, '1.26', '2017-08-22 15:17:56'),
(269, 2444878, 7, '1.56', '2017-08-22 15:17:56'),
(270, 2444878, 8, '1.28', '2017-08-22 15:17:56'),
(271, 2444878, 9, '2.45', '2017-08-22 15:17:56'),
(272, 2444878, 10, '2.00', '2017-08-22 15:17:56'),
(273, 2444878, 11, '3.50', '2017-08-22 15:17:56'),
(274, 2444878, 12, '1.43', '2017-08-22 15:17:56'),
(275, 2444878, 13, '1', '2017-08-22 15:24:59'),
(276, 2444882, 1, '1.75', '2017-08-22 15:17:57'),
(277, 2444882, 2, '3.40', '2017-08-22 15:17:57'),
(278, 2444882, 3, '4.75', '2017-08-22 15:17:57'),
(279, 2444882, 4, '1.93', '2017-08-22 15:17:57'),
(280, 2444882, 5, '1.73', '2017-08-22 15:17:57'),
(281, 2444882, 6, '1.18', '2017-08-22 15:17:57'),
(282, 2444882, 7, '1.97', '2017-08-22 15:17:57'),
(283, 2444882, 8, '1.23', '2017-08-22 15:17:57'),
(284, 2444882, 9, '2.00', '2017-08-22 15:17:57'),
(285, 2444882, 10, '2.06', '2017-08-22 15:17:57'),
(286, 2444882, 11, '5.05', '2017-08-22 15:17:57'),
(287, 2444882, 12, '1.55', '2017-08-22 15:17:57'),
(288, 2444882, 13, '1', '2017-08-22 15:24:59'),
(289, 2444883, 1, '1.57', '2017-08-22 15:17:57'),
(290, 2444883, 2, '3.90', '2017-08-22 15:17:57'),
(291, 2444883, 3, '5.75', '2017-08-22 15:17:57'),
(292, 2444883, 4, '1.90', '2017-08-22 15:17:57'),
(293, 2444883, 5, '1.70', '2017-08-22 15:17:58'),
(294, 2444883, 6, '1.14', '2017-08-22 15:17:58'),
(295, 2444883, 7, '2.23', '2017-08-22 15:17:58'),
(296, 2444883, 8, '1.18', '2017-08-22 15:17:58'),
(297, 2444883, 9, '1.82', '2017-08-22 15:17:58'),
(298, 2444883, 10, '2.09', '2017-08-22 15:17:58'),
(299, 2444883, 11, '6.05', '2017-08-22 15:17:58'),
(300, 2444883, 12, '1.70', '2017-08-22 15:17:58'),
(301, 2444883, 13, '1', '2017-08-22 15:24:59'),
(302, 699933697, 1, '1.80', '2017-08-22 15:17:58'),
(303, 699933697, 2, '3.15', '2017-08-22 15:17:58'),
(304, 699933697, 3, '4.00', '2017-08-22 15:17:58'),
(305, 699933697, 4, '1.48', '2017-08-22 15:17:58'),
(306, 699933697, 5, '2.25', '2017-08-22 15:17:58'),
(307, 699933697, 6, '1.18', '2017-08-22 15:17:58'),
(308, 699933697, 7, '1.80', '2017-08-22 15:17:58'),
(309, 699933697, 8, '1.24', '2017-08-22 15:17:58'),
(310, 699933697, 9, '2.10', '2017-08-22 15:17:59'),
(311, 699933697, 10, '1.98', '2017-08-22 15:17:59'),
(312, 699933697, 11, '4.30', '2017-08-22 15:17:59'),
(313, 699933697, 12, '2.05', '2017-08-22 15:17:59'),
(314, 699933697, 13, '1', '2017-08-22 15:24:59'),
(315, 699933701, 1, '2.70', '2017-08-22 15:17:59'),
(316, 699933701, 2, '3.15', '2017-08-22 15:17:59'),
(317, 699933701, 3, '2.25', '2017-08-22 15:17:59'),
(318, 699933701, 4, '1.73', '2017-08-22 15:17:59'),
(319, 699933701, 5, '1.77', '2017-08-22 15:17:59'),
(320, 699933701, 6, '1.42', '2017-08-22 15:17:59'),
(321, 699933701, 7, '1.28', '2017-08-22 15:17:59'),
(322, 699933701, 8, '1.32', '2017-08-22 15:17:59'),
(323, 699933701, 9, '3.00', '2017-08-22 15:17:59'),
(324, 699933701, 10, '1.98', '2017-08-22 15:17:59'),
(325, 699933701, 11, '2.55', '2017-08-22 15:17:59'),
(326, 699933701, 12, '1.65', '2017-08-22 15:17:59'),
(327, 699933701, 13, '1', '2017-08-22 15:24:59'),
(328, 699933710, 1, '2.20', '2017-08-22 15:17:59'),
(329, 699933710, 2, '3.15', '2017-08-22 15:17:59'),
(330, 699933710, 3, '2.88', '2017-08-22 15:18:00'),
(331, 699933710, 4, '1.55', '2017-08-22 15:18:00'),
(332, 699933710, 5, '2.10', '2017-08-22 15:18:00'),
(333, 699933710, 6, '1.27', '2017-08-22 15:18:00'),
(334, 699933710, 7, '1.46', '2017-08-22 15:18:00'),
(335, 699933710, 8, '1.32', '2017-08-22 15:18:00'),
(336, 699933710, 9, '2.50', '2017-08-22 15:18:00'),
(337, 699933710, 10, '1.98', '2017-08-22 15:18:00'),
(338, 699933710, 11, '3.18', '2017-08-22 15:18:00'),
(339, 699933710, 12, '1.90', '2017-08-22 15:18:00'),
(340, 699933710, 13, '1', '2017-08-22 15:24:59'),
(341, 699933698, 1, '3.25', '2017-08-22 15:18:00'),
(342, 699933698, 2, '3.20', '2017-08-22 15:18:00'),
(343, 699933698, 3, '2.00', '2017-08-22 15:18:00'),
(344, 699933698, 4, '1.63', '2017-08-22 15:18:00'),
(345, 699933698, 5, '1.98', '2017-08-22 15:18:00'),
(346, 699933698, 6, '1.59', '2017-08-22 15:18:00'),
(347, 699933698, 7, '1.20', '2017-08-22 15:18:00'),
(348, 699933698, 8, '1.32', '2017-08-22 15:18:00'),
(349, 699933698, 9, '3.55', '2017-08-22 15:18:01'),
(350, 699933698, 10, '2.00', '2017-08-22 15:18:01'),
(351, 699933698, 11, '2.30', '2017-08-22 15:18:01'),
(352, 699933698, 12, '1.75', '2017-08-22 15:18:01'),
(353, 699933698, 13, '1', '2017-08-22 15:24:59'),
(354, 699933709, 1, '2.25', '2017-08-22 15:18:01'),
(355, 699933709, 2, '3.15', '2017-08-22 15:18:01'),
(356, 699933709, 3, '2.75', '2017-08-22 15:18:01'),
(357, 699933709, 4, '1.55', '2017-08-22 15:18:01'),
(358, 699933709, 5, '2.10', '2017-08-22 15:18:01'),
(359, 699933709, 6, '1.29', '2017-08-22 15:18:01'),
(360, 699933709, 7, '1.43', '2017-08-22 15:18:01'),
(361, 699933709, 8, '1.32', '2017-08-22 15:18:01'),
(362, 699933709, 9, '2.55', '2017-08-22 15:18:01'),
(363, 699933709, 10, '1.98', '2017-08-22 15:18:01'),
(364, 699933709, 11, '3.05', '2017-08-22 15:18:01'),
(365, 699933709, 12, '1.80', '2017-08-22 15:18:01'),
(366, 699933709, 13, '1', '2017-08-22 15:24:59'),
(367, 699933714, 1, '2.00', '2017-08-22 15:18:02'),
(368, 699933714, 2, '3.50', '2017-08-22 15:18:02'),
(369, 699933714, 3, '3.00', '2017-08-22 15:18:02'),
(370, 699933714, 4, '1.85', '2017-08-22 15:18:02'),
(371, 699933714, 5, '1.75', '2017-08-22 15:18:02'),
(372, 699933714, 6, '1.21', '2017-08-22 15:18:02'),
(373, 699933714, 7, '1.50', '2017-08-22 15:18:02'),
(374, 699933714, 8, '1.32', '2017-08-22 15:18:02'),
(375, 699933714, 9, '2.30', '2017-08-22 15:18:02'),
(376, 699933714, 10, '2.00', '2017-08-22 15:18:02'),
(377, 699933714, 11, '3.30', '2017-08-22 15:18:02'),
(378, 699933714, 12, '1.62', '2017-08-22 15:18:02'),
(379, 699933714, 13, '1', '2017-08-22 15:25:00'),
(380, 699933713, 1, '1.73', '2017-08-22 15:18:02'),
(381, 699933713, 2, '3.30', '2017-08-22 15:18:02'),
(382, 699933713, 3, '4.20', '2017-08-22 15:18:02'),
(383, 699933713, 4, '1.53', '2017-08-22 15:18:02'),
(384, 699933713, 5, '2.15', '2017-08-22 15:18:02'),
(385, 699933713, 6, '1.17', '2017-08-22 15:18:03'),
(386, 699933713, 7, '1.85', '2017-08-22 15:18:03'),
(387, 699933713, 8, '1.23', '2017-08-22 15:18:03'),
(388, 699933713, 9, '1.98', '2017-08-22 15:18:03'),
(389, 699933713, 10, '2.05', '2017-08-22 15:18:03'),
(390, 699933713, 11, '4.50', '2017-08-22 15:18:03'),
(391, 699933713, 12, '2.00', '2017-08-22 15:18:03'),
(392, 699933713, 13, '1', '2017-08-22 15:25:00'),
(393, 699933711, 1, '1.91', '2017-08-22 15:18:03'),
(394, 699933711, 2, '3.40', '2017-08-22 15:18:03'),
(395, 699933711, 3, '3.30', '2017-08-22 15:18:03'),
(396, 699933711, 4, '1.90', '2017-08-22 15:18:03'),
(397, 699933711, 5, '1.70', '2017-08-22 15:18:03'),
(398, 699933711, 6, '1.20', '2017-08-22 15:18:03'),
(399, 699933711, 7, '1.59', '2017-08-22 15:18:03'),
(400, 699933711, 8, '1.28', '2017-08-22 15:18:03'),
(401, 699933711, 9, '2.21', '2017-08-22 15:18:03'),
(402, 699933711, 10, '2.06', '2017-08-22 15:18:04'),
(403, 699933711, 11, '3.60', '2017-08-22 15:18:04'),
(404, 699933711, 12, '1.55', '2017-08-22 15:18:04'),
(405, 699933711, 13, '1', '2017-08-22 15:25:00'),
(406, 699933712, 1, '4.75', '2017-08-22 15:18:04'),
(407, 699933712, 2, '3.65', '2017-08-22 15:18:04'),
(408, 699933712, 3, '1.57', '2017-08-22 15:18:04'),
(409, 699933712, 4, '1.80', '2017-08-22 15:18:04'),
(410, 699933712, 5, '1.80', '2017-08-22 15:18:04'),
(411, 699933712, 6, '1.98', '2017-08-22 15:18:04'),
(412, 699933712, 7, '1.13', '2017-08-22 15:18:04'),
(413, 699933712, 8, '1.18', '2017-08-22 15:18:04'),
(414, 699933712, 9, '5.05', '2017-08-22 15:18:04'),
(415, 699933712, 10, '2.08', '2017-08-22 15:18:04'),
(416, 699933712, 11, '1.82', '2017-08-22 15:18:04'),
(417, 699933712, 12, '1.81', '2017-08-22 15:18:04'),
(418, 699933712, 13, '1', '2017-08-22 15:25:00'),
(419, 699933705, 1, '2.70', '2017-08-22 15:18:04'),
(420, 699933705, 2, '3.15', '2017-08-22 15:18:04'),
(421, 699933705, 3, '2.30', '2017-08-22 15:18:05'),
(422, 699933705, 4, '1.63', '2017-08-22 15:18:05'),
(423, 699933705, 5, '1.98', '2017-08-22 15:18:05'),
(424, 699933705, 6, '1.42', '2017-08-22 15:18:05'),
(425, 699933705, 7, '1.29', '2017-08-22 15:18:05'),
(426, 699933705, 8, '1.32', '2017-08-22 15:18:05'),
(427, 699933705, 9, '3.00', '2017-08-22 15:18:05'),
(428, 699933705, 10, '1.98', '2017-08-22 15:18:05'),
(429, 699933705, 11, '2.60', '2017-08-22 15:18:05'),
(430, 699933705, 12, '1.73', '2017-08-22 15:18:05'),
(431, 699933705, 13, '1', '2017-08-22 15:25:00'),
(432, 2627649, 1, '9.00', '2017-08-22 15:18:05'),
(433, 2627649, 2, '4.90', '2017-08-22 15:18:05'),
(434, 2627649, 3, '1.40', '2017-08-22 15:18:05'),
(435, 2627649, 4, '2.20', '2017-08-22 15:18:05'),
(436, 2627649, 5, '1.50', '2017-08-22 15:18:05'),
(437, 2627649, 6, '3.09', '2017-08-22 15:18:05'),
(438, 2627649, 7, '1.08', '2017-08-22 15:18:05'),
(439, 2627649, 8, '1.15', '2017-08-22 15:18:05'),
(440, 2627649, 9, '9.30', '2017-08-22 15:18:05'),
(441, 2627649, 10, '2.18', '2017-08-22 15:18:06'),
(442, 2627649, 11, '1.55', '2017-08-22 15:18:06'),
(443, 2627649, 12, '1.70', '2017-08-22 15:18:06'),
(444, 2627649, 13, '1', '2017-08-22 15:25:00'),
(445, 2627664, 1, '1.45', '2017-08-22 15:18:06'),
(446, 2627664, 2, '4.65', '2017-08-22 15:18:06'),
(447, 2627664, 3, '8.00', '2017-08-22 15:18:06'),
(448, 2627664, 4, '2.10', '2017-08-22 15:18:06'),
(449, 2627664, 5, '1.55', '2017-08-22 15:18:06'),
(450, 2627664, 6, '1.10', '2017-08-22 15:18:06'),
(451, 2627664, 7, '2.81', '2017-08-22 15:18:06'),
(452, 2627664, 8, '1.18', '2017-08-22 15:18:06'),
(453, 2627664, 9, '1.60', '2017-08-22 15:18:06'),
(454, 2627664, 10, '2.16', '2017-08-22 15:18:06'),
(455, 2627664, 11, '8.30', '2017-08-22 15:18:06'),
(456, 2627664, 12, '1.70', '2017-08-22 15:18:06'),
(457, 2627664, 13, '1', '2017-08-22 15:25:00'),
(458, 2627653, 1, '1.36', '2017-08-22 15:18:07'),
(459, 2627653, 2, '4.65', '2017-08-22 15:18:07'),
(460, 2627653, 3, '8.50', '2017-08-22 15:18:07'),
(461, 2627653, 4, '2.10', '2017-08-22 15:18:07'),
(462, 2627653, 5, '1.55', '2017-08-22 15:18:07'),
(463, 2627653, 6, '1.08', '2017-08-22 15:18:07'),
(464, 2627653, 7, '2.94', '2017-08-22 15:18:07'),
(465, 2627653, 8, '1.10', '2017-08-22 15:18:07'),
(466, 2627653, 9, '1.51', '2017-08-22 15:18:07'),
(467, 2627653, 10, '2.16', '2017-08-22 15:18:07'),
(468, 2627653, 11, '8.80', '2017-08-22 15:18:07'),
(469, 2627653, 12, '1.81', '2017-08-22 15:18:07'),
(470, 2627653, 13, '1', '2017-08-22 15:25:00'),
(471, 2627644, 1, '3.50', '2017-08-22 15:18:07'),
(472, 2627644, 2, '3.40', '2017-08-22 15:18:07'),
(473, 2627644, 3, '2.20', '2017-08-22 15:18:07'),
(474, 2627644, 4, '1.75', '2017-08-22 15:18:07'),
(475, 2627644, 5, '1.85', '2017-08-22 15:18:07'),
(476, 2627644, 6, '1.66', '2017-08-22 15:18:08'),
(477, 2627644, 7, '1.26', '2017-08-22 15:18:08'),
(478, 2627644, 8, '1.28', '2017-08-22 15:18:08'),
(479, 2627644, 9, '3.80', '2017-08-22 15:18:08'),
(480, 2627644, 10, '2.00', '2017-08-22 15:18:08'),
(481, 2627644, 11, '2.50', '2017-08-22 15:18:08'),
(482, 2627644, 12, '1.65', '2017-08-22 15:18:08'),
(483, 2627644, 13, '1', '2017-08-22 15:25:00'),
(484, 2627661, 1, '1.45', '2017-08-22 15:18:08'),
(485, 2627661, 2, '4.65', '2017-08-22 15:18:08'),
(486, 2627661, 3, '8.00', '2017-08-22 15:18:08'),
(487, 2627661, 4, '1.96', '2017-08-22 15:18:08'),
(488, 2627661, 5, '1.74', '2017-08-22 15:18:08'),
(489, 2627661, 6, '1.10', '2017-08-22 15:18:08'),
(490, 2627661, 7, '2.81', '2017-08-22 15:18:08'),
(491, 2627661, 8, '1.15', '2017-08-22 15:18:08'),
(492, 2627661, 9, '1.60', '2017-08-22 15:18:08'),
(493, 2627661, 10, '2.16', '2017-08-22 15:18:08'),
(494, 2627661, 11, '8.30', '2017-08-22 15:18:08'),
(495, 2627661, 12, '1.90', '2017-08-22 15:18:09'),
(496, 2627661, 13, '1', '2017-08-22 15:25:00'),
(497, 2627662, 1, '1.33', '2017-08-22 15:18:09'),
(498, 2627662, 2, '4.90', '2017-08-22 15:18:09'),
(499, 2627662, 3, '13.00', '2017-08-22 15:18:09'),
(500, 2627662, 4, '2.00', '2017-08-22 15:18:09'),
(501, 2627662, 5, '1.60', '2017-08-22 15:18:09'),
(502, 2627662, 6, '1.07', '2017-08-22 15:18:09'),
(503, 2627662, 7, '3.94', '2017-08-22 15:18:09'),
(504, 2627662, 8, '1.10', '2017-08-22 15:18:09'),
(505, 2627662, 9, '1.48', '2017-08-22 15:18:09'),
(506, 2627662, 10, '2.18', '2017-08-22 15:18:09'),
(507, 2627662, 11, '12.00', '2017-08-22 15:18:09'),
(508, 2627662, 12, '1.95', '2017-08-22 15:18:09'),
(509, 2627662, 13, '1', '2017-08-22 15:25:00'),
(510, 2618378, 1, '2.30', '2017-08-22 15:18:09'),
(511, 2618378, 2, '3.50', '2017-08-22 15:18:09'),
(512, 2618378, 3, '2.80', '2017-08-22 15:18:10'),
(513, 2618378, 4, '2.10', '2017-08-22 15:18:10'),
(514, 2618378, 5, '1.55', '2017-08-22 15:18:10'),
(515, 2618378, 6, '1.30', '2017-08-22 15:18:10'),
(516, 2618378, 7, '1.44', '2017-08-22 15:18:10'),
(517, 2618378, 8, '1.28', '2017-08-22 15:18:10'),
(518, 2618378, 9, '2.60', '2017-08-22 15:18:10'),
(519, 2618378, 10, '2.00', '2017-08-22 15:18:10'),
(520, 2618378, 11, '3.10', '2017-08-22 15:18:10'),
(521, 2618378, 12, '1.47', '2017-08-22 15:18:10'),
(522, 2618378, 13, '1', '2017-08-22 15:25:01'),
(523, 2627541, 1, '3.00', '2017-08-22 15:18:10'),
(524, 2627541, 2, '3.00', '2017-08-22 15:18:10'),
(525, 2627541, 3, '2.50', '2017-08-22 15:18:10'),
(526, 2627541, 4, '1.38', '2017-08-22 15:18:10'),
(527, 2627541, 5, '2.50', '2017-08-22 15:18:10'),
(528, 2627541, 6, '1.51', '2017-08-22 15:18:10'),
(529, 2627541, 7, '1.35', '2017-08-22 15:18:10'),
(530, 2627541, 8, '1.34', '2017-08-22 15:18:11'),
(531, 2627541, 9, '3.30', '2017-08-22 15:18:11'),
(532, 2627541, 10, '1.89', '2017-08-22 15:18:11'),
(533, 2627541, 11, '2.80', '2017-08-22 15:18:11'),
(534, 2627541, 12, '2.00', '2017-08-22 15:18:11'),
(535, 2627541, 13, '1', '2017-08-22 15:25:01'),
(536, 2623788, 1, '4.33', '2017-08-22 15:18:11'),
(537, 2623788, 2, '3.40', '2017-08-22 15:18:11'),
(538, 2623788, 3, '1.95', '2017-08-22 15:18:11'),
(539, 2623788, 4, '1.52', '2017-08-22 15:18:11'),
(540, 2623788, 5, '2.15', '2017-08-22 15:18:11'),
(541, 2623788, 6, '1.89', '2017-08-22 15:18:11'),
(542, 2623788, 7, '1.19', '2017-08-22 15:18:11'),
(543, 2623788, 8, '1.28', '2017-08-22 15:18:11'),
(544, 2623788, 9, '4.63', '2017-08-22 15:18:11'),
(545, 2623788, 10, '2.06', '2017-08-22 15:18:11'),
(546, 2623788, 11, '2.25', '2017-08-22 15:18:11'),
(547, 2623788, 12, '1.90', '2017-08-22 15:18:11'),
(548, 2623788, 13, '1', '2017-08-22 15:25:01'),
(549, 2623787, 1, '1.65', '2017-08-22 15:18:11'),
(550, 2623787, 2, '4.23', '2017-08-22 15:18:12'),
(551, 2623787, 3, '5.50', '2017-08-22 15:18:12'),
(552, 2623787, 4, '2.50', '2017-08-22 15:18:12'),
(553, 2623787, 5, '1.38', '2017-08-22 15:18:12'),
(554, 2623787, 6, '1.16', '2017-08-22 15:18:12'),
(555, 2623787, 7, '2.16', '2017-08-22 15:18:12'),
(556, 2623787, 8, '1.22', '2017-08-22 15:18:12'),
(557, 2623787, 9, '1.90', '2017-08-22 15:18:12'),
(558, 2623787, 10, '2.12', '2017-08-22 15:18:12'),
(559, 2623787, 11, '5.80', '2017-08-22 15:18:12'),
(560, 2623787, 12, '1.43', '2017-08-22 15:18:12'),
(561, 2623787, 13, '1', '2017-08-22 15:25:01'),
(562, 2623777, 1, '1.75', '2017-08-22 15:18:12'),
(563, 2623777, 2, '3.65', '2017-08-22 15:18:12'),
(564, 2623777, 3, '5.25', '2017-08-22 15:18:12'),
(565, 2623777, 4, '1.52', '2017-08-22 15:18:12'),
(566, 2623777, 5, '2.15', '2017-08-22 15:18:12'),
(567, 2623777, 6, '1.18', '2017-08-22 15:18:12'),
(568, 2623777, 7, '2.10', '2017-08-22 15:18:12'),
(569, 2623777, 8, '1.23', '2017-08-22 15:18:12'),
(570, 2623777, 9, '2.00', '2017-08-22 15:18:13'),
(571, 2623777, 10, '2.08', '2017-08-22 15:18:13'),
(572, 2623777, 11, '5.55', '2017-08-22 15:18:13'),
(573, 2623777, 12, '2.00', '2017-08-22 15:18:13'),
(574, 2623777, 13, '1', '2017-08-22 15:25:01'),
(575, 2623778, 1, '1.60', '2017-08-22 15:18:13'),
(576, 2623778, 2, '3.90', '2017-08-22 15:18:13'),
(577, 2623778, 3, '6.50', '2017-08-22 15:18:13'),
(578, 2623778, 4, '1.63', '2017-08-22 15:18:13'),
(579, 2623778, 5, '1.98', '2017-08-22 15:18:13'),
(580, 2623778, 6, '1.14', '2017-08-22 15:18:13'),
(581, 2623778, 7, '2.42', '2017-08-22 15:18:13'),
(582, 2623778, 8, '1.22', '2017-08-22 15:18:13'),
(583, 2623778, 9, '1.85', '2017-08-22 15:18:13'),
(584, 2623778, 10, '2.09', '2017-08-22 15:18:13'),
(585, 2623778, 11, '6.80', '2017-08-22 15:18:13'),
(586, 2623778, 12, '2.00', '2017-08-22 15:18:13'),
(587, 2623778, 13, '1', '2017-08-22 15:25:01'),
(588, 2623783, 1, '1.80', '2017-08-22 15:18:14'),
(589, 2623783, 2, '3.65', '2017-08-22 15:18:14'),
(590, 2623783, 3, '5.00', '2017-08-22 15:18:14'),
(591, 2623783, 4, '1.90', '2017-08-22 15:18:14'),
(592, 2623783, 5, '1.70', '2017-08-22 15:18:14'),
(593, 2623783, 6, '1.18', '2017-08-22 15:18:14'),
(594, 2623783, 7, '2.03', '2017-08-22 15:18:14'),
(595, 2623783, 8, '1.24', '2017-08-22 15:18:14'),
(596, 2623783, 9, '2.10', '2017-08-22 15:18:14'),
(597, 2623783, 10, '2.08', '2017-08-22 15:18:14'),
(598, 2623783, 11, '5.30', '2017-08-22 15:18:14'),
(599, 2623783, 12, '1.63', '2017-08-22 15:18:14'),
(600, 2623783, 13, '1', '2017-08-22 15:25:01'),
(601, 2546148, 1, '3.00', '2017-08-22 15:18:14'),
(602, 2546148, 2, '2.88', '2017-08-22 15:18:14'),
(603, 2546148, 3, '2.63', '2017-08-22 15:18:14'),
(604, 2546148, 4, '1.57', '2017-08-22 15:18:14'),
(605, 2546148, 5, '2.05', '2017-08-22 15:18:14'),
(606, 2546148, 6, '1.51', '2017-08-22 15:18:14'),
(607, 2546148, 7, '1.39', '2017-08-22 15:18:15'),
(608, 2546148, 8, '1.36', '2017-08-22 15:18:15'),
(609, 2546148, 9, '3.30', '2017-08-22 15:18:15'),
(610, 2546148, 10, '1.86', '2017-08-22 15:18:15'),
(611, 2546148, 11, '2.93', '2017-08-22 15:18:15'),
(612, 2546148, 12, '1.70', '2017-08-22 15:18:15'),
(613, 2546148, 13, '1', '2017-08-22 15:25:02'),
(614, 2546153, 1, '2.45', '2017-08-22 15:18:15'),
(615, 2546153, 2, '3.00', '2017-08-22 15:18:15'),
(616, 2546153, 3, '3.00', '2017-08-22 15:18:15'),
(617, 2546153, 4, '1.90', '2017-08-22 15:18:15'),
(618, 2546153, 5, '1.70', '2017-08-22 15:18:15'),
(619, 2546153, 6, '1.35', '2017-08-22 15:18:15'),
(620, 2546153, 7, '1.50', '2017-08-22 15:18:15'),
(621, 2546153, 8, '1.34', '2017-08-22 15:18:15'),
(622, 2546153, 9, '2.75', '2017-08-22 15:18:15'),
(623, 2546153, 10, '1.89', '2017-08-22 15:18:15'),
(624, 2546153, 11, '3.30', '2017-08-22 15:18:16'),
(625, 2546153, 12, '1.52', '2017-08-22 15:18:16'),
(626, 2546153, 13, '1', '2017-08-22 15:25:02'),
(627, 2546152, 1, '1.95', '2017-08-22 15:18:16'),
(628, 2546152, 2, '3.10', '2017-08-22 15:18:16'),
(629, 2546152, 3, '4.20', '2017-08-22 15:18:16'),
(630, 2546152, 4, '1.65', '2017-08-22 15:18:16'),
(631, 2546152, 5, '1.95', '2017-08-22 15:18:16'),
(632, 2546152, 6, '1.20', '2017-08-22 15:18:16'),
(633, 2546152, 7, '1.85', '2017-08-22 15:18:16'),
(634, 2546152, 8, '1.28', '2017-08-22 15:18:16'),
(635, 2546152, 9, '2.25', '2017-08-22 15:18:16'),
(636, 2546152, 10, '1.95', '2017-08-22 15:18:16'),
(637, 2546152, 11, '4.50', '2017-08-22 15:18:16'),
(638, 2546152, 12, '1.70', '2017-08-22 15:18:16'),
(639, 2546152, 13, '1', '2017-08-22 15:25:02'),
(640, 2546155, 1, '3.40', '2017-08-22 15:18:16'),
(641, 2546155, 2, '3.00', '2017-08-22 15:18:16'),
(642, 2546155, 3, '2.25', '2017-08-22 15:18:16'),
(643, 2546155, 4, '1.57', '2017-08-22 15:18:16'),
(644, 2546155, 5, '2.05', '2017-08-22 15:18:16'),
(645, 2546155, 6, '1.63', '2017-08-22 15:18:16'),
(646, 2546155, 7, '1.28', '2017-08-22 15:18:17'),
(647, 2546155, 8, '1.34', '2017-08-22 15:18:17'),
(648, 2546155, 9, '3.70', '2017-08-22 15:18:17'),
(649, 2546155, 10, '1.89', '2017-08-22 15:18:17'),
(650, 2546155, 11, '2.55', '2017-08-22 15:18:17'),
(651, 2546155, 12, '1.81', '2017-08-22 15:18:17'),
(652, 2546155, 13, '1', '2017-08-22 15:25:02'),
(653, 2546154, 1, '1.62', '2017-08-22 15:18:17'),
(654, 2546154, 2, '3.50', '2017-08-22 15:18:17'),
(655, 2546154, 3, '6.00', '2017-08-22 15:18:17'),
(656, 2546154, 4, '1.95', '2017-08-22 15:18:17'),
(657, 2546154, 5, '1.70', '2017-08-22 15:18:17'),
(658, 2546154, 6, '1.15', '2017-08-22 15:18:17'),
(659, 2546154, 7, '2.29', '2017-08-22 15:18:17'),
(660, 2546154, 8, '1.22', '2017-08-22 15:18:17'),
(661, 2546154, 9, '1.87', '2017-08-22 15:18:17'),
(662, 2546154, 10, '2.06', '2017-08-22 15:18:17'),
(663, 2546154, 11, '6.30', '2017-08-22 15:18:17'),
(664, 2546154, 12, '1.63', '2017-08-22 15:18:17'),
(665, 2546154, 13, '1', '2017-08-22 15:25:02'),
(666, 2548796, 1, '2.00', '2017-08-22 15:18:18'),
(667, 2548796, 2, '3.30', '2017-08-22 15:18:18'),
(668, 2548796, 3, '3.10', '2017-08-22 15:18:18'),
(669, 2548796, 4, '1.88', '2017-08-22 15:18:18'),
(670, 2548796, 5, '1.82', '2017-08-22 15:18:18'),
(671, 2548796, 6, '1.21', '2017-08-22 15:18:18'),
(672, 2548796, 7, '1.53', '2017-08-22 15:18:18'),
(673, 2548796, 8, '1.32', '2017-08-22 15:18:18'),
(674, 2548796, 9, '2.30', '2017-08-22 15:18:18'),
(675, 2548796, 10, '2.00', '2017-08-22 15:18:18'),
(676, 2548796, 11, '3.40', '2017-08-22 15:18:18'),
(677, 2548796, 12, '1.57', '2017-08-22 15:18:18'),
(678, 2548796, 13, '1', '2017-08-22 15:25:02'),
(679, 2548798, 1, '2.50', '2017-08-22 15:18:18'),
(680, 2548798, 2, '3.10', '2017-08-22 15:18:18'),
(681, 2548798, 3, '2.50', '2017-08-22 15:18:18'),
(682, 2548798, 4, '1.60', '2017-08-22 15:18:18'),
(683, 2548798, 5, '2.19', '2017-08-22 15:18:18'),
(684, 2548798, 6, '1.36', '2017-08-22 15:18:18'),
(685, 2548798, 7, '1.35', '2017-08-22 15:18:18'),
(686, 2548798, 8, '1.32', '2017-08-22 15:18:18'),
(687, 2548798, 9, '2.80', '2017-08-22 15:18:19'),
(688, 2548798, 10, '1.95', '2017-08-22 15:18:19'),
(689, 2548798, 11, '2.80', '2017-08-22 15:18:19'),
(690, 2548798, 12, '1.81', '2017-08-22 15:18:19'),
(691, 2548798, 13, '1', '2017-08-22 15:25:02'),
(692, 2548800, 1, '2.00', '2017-08-22 15:18:19'),
(693, 2548800, 2, '3.20', '2017-08-22 15:18:19'),
(694, 2548800, 3, '3.25', '2017-08-22 15:18:19'),
(695, 2548800, 4, '1.72', '2017-08-22 15:18:19'),
(696, 2548800, 5, '2.00', '2017-08-22 15:18:19'),
(697, 2548800, 6, '1.21', '2017-08-22 15:18:19'),
(698, 2548800, 7, '1.58', '2017-08-22 15:18:19'),
(699, 2548800, 8, '1.32', '2017-08-22 15:18:19'),
(700, 2548800, 9, '2.30', '2017-08-22 15:18:19'),
(701, 2548800, 10, '2.00', '2017-08-22 15:18:19'),
(702, 2548800, 11, '3.55', '2017-08-22 15:18:19'),
(703, 2548800, 12, '1.81', '2017-08-22 15:18:19'),
(704, 2548800, 13, '1', '2017-08-22 15:25:02'),
(705, 2548797, 1, '1.80', '2017-08-22 15:18:20'),
(706, 2548797, 2, '3.30', '2017-08-22 15:18:20'),
(707, 2548797, 3, '3.75', '2017-08-22 15:18:20'),
(708, 2548797, 4, '1.82', '2017-08-22 15:18:20'),
(709, 2548797, 5, '1.88', '2017-08-22 15:18:20'),
(710, 2548797, 6, '1.18', '2017-08-22 15:18:20'),
(711, 2548797, 7, '1.73', '2017-08-22 15:18:20'),
(712, 2548797, 8, '1.24', '2017-08-22 15:18:20'),
(713, 2548797, 9, '2.10', '2017-08-22 15:18:20'),
(714, 2548797, 10, '2.05', '2017-08-22 15:18:20'),
(715, 2548797, 11, '4.05', '2017-08-22 15:18:20'),
(716, 2548797, 12, '1.63', '2017-08-22 15:18:20'),
(717, 2548797, 13, '1', '2017-08-22 15:25:02'),
(718, 2548801, 1, '2.40', '2017-08-22 15:18:20'),
(719, 2548801, 2, '3.10', '2017-08-22 15:18:20'),
(720, 2548801, 3, '2.63', '2017-08-22 15:18:20'),
(721, 2548801, 4, '1.65', '2017-08-22 15:18:20'),
(722, 2548801, 5, '2.10', '2017-08-22 15:18:21'),
(723, 2548801, 6, '1.33', '2017-08-22 15:18:21'),
(724, 2548801, 7, '1.39', '2017-08-22 15:18:21'),
(725, 2548801, 8, '1.32', '2017-08-22 15:18:21'),
(726, 2548801, 9, '2.70', '2017-08-22 15:18:21'),
(727, 2548801, 10, '1.95', '2017-08-22 15:18:21'),
(728, 2548801, 11, '2.93', '2017-08-22 15:18:21'),
(729, 2548801, 12, '1.81', '2017-08-22 15:18:21'),
(730, 2548801, 13, '1', '2017-08-22 15:25:03'),
(731, 2548799, 1, '1.91', '2017-08-22 15:18:21'),
(732, 2548799, 2, '3.30', '2017-08-22 15:18:21'),
(733, 2548799, 3, '3.40', '2017-08-22 15:18:21'),
(734, 2548799, 4, '1.73', '2017-08-22 15:18:21'),
(735, 2548799, 5, '1.99', '2017-08-22 15:18:21'),
(736, 2548799, 6, '1.20', '2017-08-22 15:18:21'),
(737, 2548799, 7, '1.62', '2017-08-22 15:18:21'),
(738, 2548799, 8, '1.28', '2017-08-22 15:18:21'),
(739, 2548799, 9, '2.21', '2017-08-22 15:18:21'),
(740, 2548799, 10, '2.05', '2017-08-22 15:18:21'),
(741, 2548799, 11, '3.70', '2017-08-22 15:18:21'),
(742, 2548799, 12, '1.70', '2017-08-22 15:18:21'),
(743, 2548799, 13, '1', '2017-08-22 15:25:03'),
(744, 2548795, 1, '2.10', '2017-08-22 15:18:22'),
(745, 2548795, 2, '3.20', '2017-08-22 15:18:22'),
(746, 2548795, 3, '3.00', '2017-08-22 15:18:22'),
(747, 2548795, 4, '1.74', '2017-08-22 15:18:22'),
(748, 2548795, 5, '1.97', '2017-08-22 15:18:22'),
(749, 2548795, 6, '1.24', '2017-08-22 15:18:22'),
(750, 2548795, 7, '1.50', '2017-08-22 15:18:22'),
(751, 2548795, 8, '1.32', '2017-08-22 15:18:22'),
(752, 2548795, 9, '2.40', '2017-08-22 15:18:22'),
(753, 2548795, 10, '2.00', '2017-08-22 15:18:22'),
(754, 2548795, 11, '3.30', '2017-08-22 15:18:22'),
(755, 2548795, 12, '1.63', '2017-08-22 15:18:22'),
(756, 2548795, 13, '1', '2017-08-22 15:25:03'),
(757, 2591035, 1, '2.00', '2017-08-22 15:18:22'),
(758, 2591035, 2, '3.10', '2017-08-22 15:18:22'),
(759, 2591035, 3, '4.00', '2017-08-22 15:18:23'),
(760, 2591035, 4, '1.90', '2017-08-22 15:18:23'),
(761, 2591035, 5, '1.70', '2017-08-22 15:18:23'),
(762, 2591035, 6, '1.21', '2017-08-22 15:18:23'),
(763, 2591035, 7, '1.80', '2017-08-22 15:18:23'),
(764, 2591035, 8, '1.32', '2017-08-22 15:18:23'),
(765, 2591035, 9, '2.30', '2017-08-22 15:18:23'),
(766, 2591035, 10, '1.95', '2017-08-22 15:18:23'),
(767, 2591035, 11, '4.30', '2017-08-22 15:18:23'),
(768, 2591035, 12, '1.57', '2017-08-22 15:18:23'),
(769, 2591035, 13, '1', '2017-08-22 15:25:03'),
(770, 2591030, 1, '2.20', '2017-08-22 15:25:03'),
(771, 2591030, 2, '3.00', '2017-08-22 15:18:23'),
(772, 2591030, 3, '3.60', '2017-08-22 15:25:03'),
(773, 2591030, 4, '1.70', '2017-08-22 15:25:03'),
(774, 2591030, 5, '1.90', '2017-08-22 15:25:03'),
(775, 2591030, 6, '1.27', '2017-08-22 15:25:03'),
(776, 2591030, 7, '1.68', '2017-08-22 15:25:03'),
(777, 2591030, 8, '1.34', '2017-08-22 15:18:23'),
(778, 2591030, 9, '2.50', '2017-08-22 15:25:03'),
(779, 2591030, 10, '1.89', '2017-08-22 15:18:23'),
(780, 2591030, 11, '3.90', '2017-08-22 15:25:03'),
(781, 2591030, 12, '1.63', '2017-08-22 15:19:24'),
(782, 2591030, 13, '1', '2017-08-22 15:25:03'),
(783, 2591034, 1, '1.73', '2017-08-22 15:18:24'),
(784, 2591034, 2, '3.40', '2017-08-22 15:18:24'),
(785, 2591034, 3, '5.00', '2017-08-22 15:18:24'),
(786, 2591034, 4, '1.43', '2017-08-22 15:18:24'),
(787, 2591034, 5, '2.30', '2017-08-22 15:18:24'),
(788, 2591034, 6, '1.17', '2017-08-22 15:18:24'),
(789, 2591034, 7, '2.03', '2017-08-22 15:18:24'),
(790, 2591034, 8, '1.22', '2017-08-22 15:18:24'),
(791, 2591034, 9, '1.98', '2017-08-22 15:18:24'),
(792, 2591034, 10, '2.06', '2017-08-22 15:18:24'),
(793, 2591034, 11, '5.30', '2017-08-22 15:18:24'),
(794, 2591034, 12, '2.15', '2017-08-22 15:18:24'),
(795, 2591034, 13, '1', '2017-08-22 15:25:03'),
(796, 2591031, 1, '2.05', '2017-08-22 15:18:24'),
(797, 2591031, 2, '3.10', '2017-08-22 15:18:25'),
(798, 2591031, 3, '3.80', '2017-08-22 15:18:25'),
(799, 2591031, 4, '1.50', '2017-08-22 15:18:25'),
(800, 2591031, 5, '2.20', '2017-08-22 15:18:25'),
(801, 2591031, 6, '1.23', '2017-08-22 15:18:25'),
(802, 2591031, 7, '1.74', '2017-08-22 15:18:25'),
(803, 2591031, 8, '1.28', '2017-08-22 15:18:25'),
(804, 2591031, 9, '2.35', '2017-08-22 15:18:25'),
(805, 2591031, 10, '1.95', '2017-08-22 15:18:25'),
(806, 2591031, 11, '4.10', '2017-08-22 15:18:25'),
(807, 2591031, 12, '1.73', '2017-08-22 15:18:25'),
(808, 2591031, 13, '1', '2017-08-22 15:25:03'),
(809, 2591028, 1, '2.80', '2017-08-22 15:18:25'),
(810, 2591028, 2, '2.88', '2017-08-22 15:18:25'),
(811, 2591028, 3, '2.80', '2017-08-22 15:18:25'),
(812, 2591028, 4, '1.50', '2017-08-22 15:18:25'),
(813, 2591028, 5, '2.20', '2017-08-22 15:18:25'),
(814, 2591028, 6, '1.45', '2017-08-22 15:18:25'),
(815, 2591028, 7, '1.44', '2017-08-22 15:18:25'),
(816, 2591028, 8, '1.36', '2017-08-22 15:18:25'),
(817, 2591028, 9, '3.10', '2017-08-22 15:18:25'),
(818, 2591028, 10, '1.86', '2017-08-22 15:18:26'),
(819, 2591028, 11, '3.10', '2017-08-22 15:18:26'),
(820, 2591028, 12, '1.73', '2017-08-22 15:18:26'),
(821, 2591028, 13, '1', '2017-08-22 15:25:04'),
(822, 2591033, 1, '2.10', '2017-08-22 15:18:26'),
(823, 2591033, 2, '3.00', '2017-08-22 15:18:26'),
(824, 2591033, 3, '3.75', '2017-08-22 15:18:26'),
(825, 2591033, 4, '1.60', '2017-08-22 15:18:26'),
(826, 2591033, 5, '2.00', '2017-08-22 15:18:26'),
(827, 2591033, 6, '1.24', '2017-08-22 15:18:26'),
(828, 2591033, 7, '1.73', '2017-08-22 15:18:26'),
(829, 2591033, 8, '1.34', '2017-08-22 15:18:26'),
(830, 2591033, 9, '2.40', '2017-08-22 15:18:26'),
(831, 2591033, 10, '1.89', '2017-08-22 15:18:26'),
(832, 2591033, 11, '4.05', '2017-08-22 15:18:26'),
(833, 2591033, 12, '1.73', '2017-08-22 15:18:26'),
(834, 2591033, 13, '1', '2017-08-22 15:25:04'),
(835, 2591026, 1, '2.15', '2017-08-22 15:18:27'),
(836, 2591026, 2, '3.00', '2017-08-22 15:18:27'),
(837, 2591026, 3, '3.80', '2017-08-22 15:18:27'),
(838, 2591026, 4, '1.55', '2017-08-22 15:18:27'),
(839, 2591026, 5, '2.10', '2017-08-22 15:18:27'),
(840, 2591026, 6, '1.26', '2017-08-22 15:18:27'),
(841, 2591026, 7, '1.74', '2017-08-22 15:18:27'),
(842, 2591026, 8, '1.32', '2017-08-22 15:18:27'),
(843, 2591026, 9, '2.45', '2017-08-22 15:18:27'),
(844, 2591026, 10, '1.89', '2017-08-22 15:18:27'),
(845, 2591026, 11, '4.10', '2017-08-22 15:18:27'),
(846, 2591026, 12, '1.73', '2017-08-22 15:18:27'),
(847, 2591026, 13, '1', '2017-08-22 15:25:04'),
(848, 2591027, 1, '2.00', '2017-08-22 15:18:27'),
(849, 2591027, 2, '3.10', '2017-08-22 15:18:27'),
(850, 2591027, 3, '4.00', '2017-08-22 15:18:27'),
(851, 2591027, 4, '1.80', '2017-08-22 15:18:28'),
(852, 2591027, 5, '1.80', '2017-08-22 15:18:28'),
(853, 2591027, 6, '1.21', '2017-08-22 15:18:28'),
(854, 2591027, 7, '1.80', '2017-08-22 15:18:28'),
(855, 2591027, 8, '1.32', '2017-08-22 15:18:28'),
(856, 2591027, 9, '2.30', '2017-08-22 15:18:28'),
(857, 2591027, 10, '1.95', '2017-08-22 15:18:28'),
(858, 2591027, 11, '4.30', '2017-08-22 15:18:28'),
(859, 2591027, 12, '1.57', '2017-08-22 15:18:28'),
(860, 2591027, 13, '1', '2017-08-22 15:25:04'),
(861, 699943024, 1, '6.50', '2017-08-22 15:18:28'),
(862, 699943024, 2, '4.65', '2017-08-22 15:18:28'),
(863, 699943024, 3, '1.33', '2017-08-22 15:18:28'),
(864, 699943024, 4, '2.25', '2017-08-22 15:18:28'),
(865, 699943024, 5, '1.48', '2017-08-22 15:18:28'),
(866, 699943024, 6, '2.43', '2017-08-22 15:18:28'),
(867, 699943024, 7, '1.06', '2017-08-22 15:18:28'),
(868, 699943024, 8, '1.10', '2017-08-22 15:18:29'),
(869, 699943024, 9, '6.80', '2017-08-22 15:18:29'),
(870, 699943024, 10, '2.16', '2017-08-22 15:18:29'),
(871, 699943024, 11, '1.48', '2017-08-22 15:18:29'),
(872, 699943024, 12, '1', '2017-08-22 15:25:04'),
(873, 699943024, 13, '1', '2017-08-22 15:25:04'),
(874, 699942818, 1, '11.00', '2017-08-22 15:25:04'),
(875, 699942818, 2, '6.90', '2017-08-22 15:25:04'),
(876, 699942818, 3, '1.17', '2017-08-22 15:25:04'),
(877, 699942818, 4, '2.40', '2017-08-22 15:25:04'),
(878, 699942818, 5, '1.40', '2017-08-22 15:25:04'),
(879, 699942818, 6, '3.61', '2017-08-22 15:25:04'),
(880, 699942818, 7, '1.02', '2017-08-22 15:25:04'),
(881, 699942818, 8, '1.04', '2017-08-22 15:25:04'),
(882, 699942818, 9, '11.30', '2017-08-22 15:25:04'),
(883, 699942818, 10, '2.20', '2017-08-22 15:25:05'),
(884, 699942818, 11, '1.19', '2017-08-22 15:25:05'),
(885, 699942818, 12, '1', '2017-08-22 15:25:05'),
(886, 699942818, 13, '1', '2017-08-22 15:25:05'),
(887, 699943027, 1, '2.88', '2017-08-22 15:25:05'),
(888, 699943027, 2, '3.10', '2017-08-22 15:25:05'),
(889, 699943027, 3, '2.20', '2017-08-22 15:25:05'),
(890, 699943027, 4, '1.63', '2017-08-22 15:25:05'),
(891, 699943027, 5, '1.98', '2017-08-22 15:25:05'),
(892, 699943027, 6, '1.47', '2017-08-22 15:25:05'),
(893, 699943027, 7, '1.26', '2017-08-22 15:25:05'),
(894, 699943027, 8, '1.32', '2017-08-22 15:25:05'),
(895, 699943027, 9, '3.18', '2017-08-22 15:25:05'),
(896, 699943027, 10, '1.95', '2017-08-22 15:25:05'),
(897, 699943027, 11, '2.50', '2017-08-22 15:25:05'),
(898, 699943027, 12, '1', '2017-08-22 15:25:05'),
(899, 699943027, 13, '1', '2017-08-22 15:25:05'),
(900, 699942817, 1, '2.15', '2017-08-22 15:25:05'),
(901, 699942817, 2, '3.00', '2017-08-22 15:25:05'),
(902, 699942817, 3, '3.25', '2017-08-22 15:25:06'),
(903, 699942817, 4, '1.47', '2017-08-22 15:25:06'),
(904, 699942817, 5, '2.25', '2017-08-22 15:25:06'),
(905, 699942817, 6, '1.26', '2017-08-22 15:25:06'),
(906, 699942817, 7, '1.58', '2017-08-22 15:25:06'),
(907, 699942817, 8, '1.34', '2017-08-22 15:25:06'),
(908, 699942817, 9, '2.45', '2017-08-22 15:25:06'),
(909, 699942817, 10, '1.89', '2017-08-22 15:25:06'),
(910, 699942817, 11, '3.55', '2017-08-22 15:25:06'),
(911, 699942817, 12, '1.95', '2017-08-22 15:25:06'),
(912, 699942817, 13, '1', '2017-08-22 15:25:06'),
(913, 699933718, 1, '4.00', '2017-08-22 15:25:06'),
(914, 699933718, 2, '3.40', '2017-08-22 15:25:06'),
(915, 699933718, 3, '1.73', '2017-08-22 15:25:07'),
(916, 699933718, 4, '1.58', '2017-08-22 15:25:07'),
(917, 699933718, 5, '2.05', '2017-08-22 15:25:07'),
(918, 699933718, 6, '1.81', '2017-08-22 15:25:07'),
(919, 699933718, 7, '1.16', '2017-08-22 15:25:07'),
(920, 699933718, 8, '1.23', '2017-08-22 15:25:07'),
(921, 699933718, 9, '4.30', '2017-08-22 15:25:07'),
(922, 699933718, 10, '2.06', '2017-08-22 15:25:07'),
(923, 699933718, 11, '1.98', '2017-08-22 15:25:07'),
(924, 699933718, 12, '1', '2017-08-22 15:25:07'),
(925, 699933718, 13, '1', '2017-08-22 15:25:07'),
(926, 699943025, 1, '3.40', '2017-08-22 15:25:07'),
(927, 699943025, 2, '3.30', '2017-08-22 15:25:07'),
(928, 699943025, 3, '1.91', '2017-08-22 15:25:07'),
(929, 699943025, 4, '1.70', '2017-08-22 15:25:07'),
(930, 699943025, 5, '1.90', '2017-08-22 15:25:07'),
(931, 699943025, 6, '1.63', '2017-08-22 15:25:07'),
(932, 699943025, 7, '1.19', '2017-08-22 15:25:07'),
(933, 699943025, 8, '1.28', '2017-08-22 15:25:07'),
(934, 699943025, 9, '3.70', '2017-08-22 15:25:07'),
(935, 699943025, 10, '2.05', '2017-08-22 15:25:07'),
(936, 699943025, 11, '2.21', '2017-08-22 15:25:08'),
(937, 699943025, 12, '1.85', '2017-08-22 15:25:08'),
(938, 699943025, 13, '1', '2017-08-22 15:25:08'),
(939, 699933802, 1, '2.88', '2017-08-22 15:25:08'),
(940, 699933802, 2, '3.10', '2017-08-22 15:25:08'),
(941, 699933802, 3, '2.20', '2017-08-22 15:25:08'),
(942, 699933802, 4, '1.58', '2017-08-22 15:25:08'),
(943, 699933802, 5, '2.05', '2017-08-22 15:25:08'),
(944, 699933802, 6, '1.47', '2017-08-22 15:25:08'),
(945, 699933802, 7, '1.26', '2017-08-22 15:25:08'),
(946, 699933802, 8, '1.32', '2017-08-22 15:25:08'),
(947, 699933802, 9, '3.18', '2017-08-22 15:25:08'),
(948, 699933802, 10, '1.95', '2017-08-22 15:25:08'),
(949, 699933802, 11, '2.50', '2017-08-22 15:25:08'),
(950, 699933802, 12, '1', '2017-08-22 15:25:08'),
(951, 699933802, 13, '1', '2017-08-22 15:25:08'),
(952, 699933814, 1, '1.91', '2017-08-22 15:25:08'),
(953, 699933814, 2, '3.20', '2017-08-22 15:25:08'),
(954, 699933814, 3, '3.50', '2017-08-22 15:25:08'),
(955, 699933814, 4, '1.58', '2017-08-22 15:25:08'),
(956, 699933814, 5, '2.05', '2017-08-22 15:25:09'),
(957, 699933814, 6, '1.20', '2017-08-22 15:25:09'),
(958, 699933814, 7, '1.65', '2017-08-22 15:25:09'),
(959, 699933814, 8, '1.28', '2017-08-22 15:25:09'),
(960, 699933814, 9, '2.21', '2017-08-22 15:25:09'),
(961, 699933814, 10, '2.00', '2017-08-22 15:25:09'),
(962, 699933814, 11, '3.80', '2017-08-22 15:25:09'),
(963, 699933814, 12, '1', '2017-08-22 15:25:09'),
(964, 699933814, 13, '1', '2017-08-22 15:25:09'),
(965, 699933717, 1, '3.80', '2017-08-22 15:25:09'),
(966, 699933717, 2, '3.30', '2017-08-22 15:25:09'),
(967, 699933717, 3, '1.80', '2017-08-22 15:25:09'),
(968, 699933717, 4, '1.63', '2017-08-22 15:25:09'),
(969, 699933717, 5, '1.98', '2017-08-22 15:25:09'),
(970, 699933717, 6, '1.75', '2017-08-22 15:25:09'),
(971, 699933717, 7, '1.17', '2017-08-22 15:25:09'),
(972, 699933717, 8, '1.24', '2017-08-22 15:25:09'),
(973, 699933717, 9, '4.10', '2017-08-22 15:25:09'),
(974, 699933717, 10, '2.05', '2017-08-22 15:25:09'),
(975, 699933717, 11, '2.10', '2017-08-22 15:25:09'),
(976, 699933717, 12, '1', '2017-08-22 15:25:09'),
(977, 699933717, 13, '1', '2017-08-22 15:25:10'),
(978, 699933813, 1, '2.20', '2017-08-22 15:25:10'),
(979, 699933813, 2, '3.30', '2017-08-22 15:25:10'),
(980, 699933813, 3, '2.75', '2017-08-22 15:25:10'),
(981, 699933813, 4, '1.70', '2017-08-22 15:25:10'),
(982, 699933813, 5, '1.90', '2017-08-22 15:25:10'),
(983, 699933813, 6, '1.27', '2017-08-22 15:25:10'),
(984, 699933813, 7, '1.43', '2017-08-22 15:25:10'),
(985, 699933813, 8, '1.28', '2017-08-22 15:25:10'),
(986, 699933813, 9, '2.50', '2017-08-22 15:25:10'),
(987, 699933813, 10, '2.00', '2017-08-22 15:25:10'),
(988, 699933813, 11, '3.05', '2017-08-22 15:25:10'),
(989, 699933813, 12, '1', '2017-08-22 15:25:10'),
(990, 699933813, 13, '1', '2017-08-22 15:25:10'),
(991, 2432769, 1, '1.40', '2017-08-22 15:25:10'),
(992, 2432769, 2, '4.40', '2017-08-22 15:25:10'),
(993, 2432769, 3, '8.00', '2017-08-22 15:25:11'),
(994, 2432769, 4, '1.98', '2017-08-22 15:25:11'),
(995, 2432769, 5, '1.63', '2017-08-22 15:25:11'),
(996, 2432769, 6, '1.09', '2017-08-22 15:25:11'),
(997, 2432769, 7, '2.81', '2017-08-22 15:25:11'),
(998, 2432769, 8, '1.15', '2017-08-22 15:25:11'),
(999, 2432769, 9, '1.55', '2017-08-22 15:25:11'),
(1000, 2432769, 10, '2.14', '2017-08-22 15:25:11'),
(1001, 2432769, 11, '8.30', '2017-08-22 15:25:11'),
(1002, 2432769, 12, '1.90', '2017-08-22 15:25:11'),
(1003, 2432769, 13, '1', '2017-08-22 15:25:11'),
(1004, 2432770, 1, '2.30', '2017-08-22 15:25:11'),
(1005, 2432770, 2, '3.15', '2017-08-22 15:25:11'),
(1006, 2432770, 3, '3.10', '2017-08-22 15:25:11'),
(1007, 2432770, 4, '1.65', '2017-08-22 15:25:11'),
(1008, 2432770, 5, '1.95', '2017-08-22 15:25:11'),
(1009, 2432770, 6, '1.30', '2017-08-22 15:25:11'),
(1010, 2432770, 7, '1.53', '2017-08-22 15:25:11'),
(1011, 2432770, 8, '1.32', '2017-08-22 15:25:11'),
(1012, 2432770, 9, '2.60', '2017-08-22 15:25:11'),
(1013, 2432770, 10, '1.98', '2017-08-22 15:25:11'),
(1014, 2432770, 11, '3.40', '2017-08-22 15:25:11'),
(1015, 2432770, 12, '1.70', '2017-08-22 15:25:11'),
(1016, 2432770, 13, '1', '2017-08-22 15:25:12'),
(1017, 2432771, 1, '2.38', '2017-08-22 15:25:12'),
(1018, 2432771, 2, '3.10', '2017-08-22 15:25:12'),
(1019, 2432771, 3, '3.00', '2017-08-22 15:25:12'),
(1020, 2432771, 4, '1.60', '2017-08-22 15:25:12'),
(1021, 2432771, 5, '2.00', '2017-08-22 15:25:12'),
(1022, 2432771, 6, '1.32', '2017-08-22 15:25:12'),
(1023, 2432771, 7, '1.50', '2017-08-22 15:25:12'),
(1024, 2432771, 8, '1.32', '2017-08-22 15:25:12'),
(1025, 2432771, 9, '2.68', '2017-08-22 15:25:12'),
(1026, 2432771, 10, '1.95', '2017-08-22 15:25:12'),
(1027, 2432771, 11, '3.30', '2017-08-22 15:25:12');
INSERT INTO `cuota` (`ID_CUOTA`, `ID_PARTIDO`, `ID_TIPO`, `VALOR`, `FECHALOG`) VALUES
(1028, 2432771, 12, '1.70', '2017-08-22 15:25:12'),
(1029, 2432771, 13, '1', '2017-08-22 15:25:12'),
(1030, 2432773, 1, '2.50', '2017-08-22 15:25:12'),
(1031, 2432773, 2, '3.10', '2017-08-22 15:25:12'),
(1032, 2432773, 3, '2.80', '2017-08-22 15:25:12'),
(1033, 2432773, 4, '1.57', '2017-08-22 15:25:12'),
(1034, 2432773, 5, '2.05', '2017-08-22 15:25:12'),
(1035, 2432773, 6, '1.36', '2017-08-22 15:25:12'),
(1036, 2432773, 7, '1.44', '2017-08-22 15:25:13'),
(1037, 2432773, 8, '1.32', '2017-08-22 15:25:13'),
(1038, 2432773, 9, '2.80', '2017-08-22 15:25:13'),
(1039, 2432773, 10, '1.95', '2017-08-22 15:25:13'),
(1040, 2432773, 11, '3.10', '2017-08-22 15:25:13'),
(1041, 2432773, 12, '1.81', '2017-08-22 15:25:13'),
(1042, 2432773, 13, '1', '2017-08-22 15:25:13'),
(1043, 2432772, 1, '2.80', '2017-08-22 15:25:13'),
(1044, 2432772, 2, '3.10', '2017-08-22 15:25:13'),
(1045, 2432772, 3, '2.50', '2017-08-22 15:25:13'),
(1046, 2432772, 4, '1.52', '2017-08-22 15:25:13'),
(1047, 2432772, 5, '2.15', '2017-08-22 15:25:13'),
(1048, 2432772, 6, '1.45', '2017-08-22 15:25:13'),
(1049, 2432772, 7, '1.35', '2017-08-22 15:25:13'),
(1050, 2432772, 8, '1.32', '2017-08-22 15:25:13'),
(1051, 2432772, 9, '3.10', '2017-08-22 15:25:13'),
(1052, 2432772, 10, '1.95', '2017-08-22 15:25:13'),
(1053, 2432772, 11, '2.80', '2017-08-22 15:25:13'),
(1054, 2432772, 12, '1.90', '2017-08-22 15:25:13'),
(1055, 2432772, 13, '1', '2017-08-22 15:25:14'),
(1056, 2630085, 1, '1.73', '2017-08-22 15:25:14'),
(1057, 2630085, 2, '3.30', '2017-08-22 15:25:14'),
(1058, 2630085, 3, '4.20', '2017-08-22 15:25:14'),
(1059, 2630085, 4, '1.60', '2017-08-22 15:25:14'),
(1060, 2630085, 5, '2.00', '2017-08-22 15:25:14'),
(1061, 2630085, 6, '1.17', '2017-08-22 15:25:14'),
(1062, 2630085, 7, '1.85', '2017-08-22 15:25:14'),
(1063, 2630085, 8, '1.23', '2017-08-22 15:25:14'),
(1064, 2630085, 9, '1.98', '2017-08-22 15:25:14'),
(1065, 2630085, 10, '2.05', '2017-08-22 15:25:14'),
(1066, 2630085, 11, '4.50', '2017-08-22 15:25:14'),
(1067, 2630085, 12, '1', '2017-08-22 15:25:14'),
(1068, 2630085, 13, '1', '2017-08-22 15:25:14'),
(1069, 2630087, 1, '2.40', '2017-08-22 15:25:14'),
(1070, 2630087, 2, '2.88', '2017-08-22 15:25:14'),
(1071, 2630087, 3, '2.88', '2017-08-22 15:25:14'),
(1072, 2630087, 4, '1.40', '2017-08-22 15:25:14'),
(1073, 2630087, 5, '2.40', '2017-08-22 15:25:14'),
(1074, 2630087, 6, '1.33', '2017-08-22 15:25:14'),
(1075, 2630087, 7, '1.46', '2017-08-22 15:25:15'),
(1076, 2630087, 8, '1.36', '2017-08-22 15:25:15'),
(1077, 2630087, 9, '2.70', '2017-08-22 15:25:15'),
(1078, 2630087, 10, '1.86', '2017-08-22 15:25:15'),
(1079, 2630087, 11, '3.18', '2017-08-22 15:25:15'),
(1080, 2630087, 12, '1', '2017-08-22 15:25:15'),
(1081, 2630087, 13, '1', '2017-08-22 15:25:15'),
(1082, 2630089, 1, '2.20', '2017-08-22 15:25:15'),
(1083, 2630089, 2, '3.00', '2017-08-22 15:25:15'),
(1084, 2630089, 3, '3.10', '2017-08-22 15:25:15'),
(1085, 2630089, 4, '1.43', '2017-08-22 15:25:15'),
(1086, 2630089, 5, '2.33', '2017-08-22 15:25:15'),
(1087, 2630089, 6, '1.27', '2017-08-22 15:25:15'),
(1088, 2630089, 7, '1.53', '2017-08-22 15:25:15'),
(1089, 2630089, 8, '1.34', '2017-08-22 15:25:15'),
(1090, 2630089, 9, '2.50', '2017-08-22 15:25:15'),
(1091, 2630089, 10, '1.89', '2017-08-22 15:25:15'),
(1092, 2630089, 11, '3.40', '2017-08-22 15:25:15'),
(1093, 2630089, 12, '1', '2017-08-22 15:25:15'),
(1094, 2630089, 13, '1', '2017-08-22 15:25:15'),
(1095, 2630086, 1, '3.00', '2017-08-22 15:25:16'),
(1096, 2630086, 2, '3.00', '2017-08-22 15:25:16'),
(1097, 2630086, 3, '2.25', '2017-08-22 15:25:16'),
(1098, 2630086, 4, '1.40', '2017-08-22 15:25:16'),
(1099, 2630086, 5, '2.40', '2017-08-22 15:25:16'),
(1100, 2630086, 6, '1.51', '2017-08-22 15:25:16'),
(1101, 2630086, 7, '1.28', '2017-08-22 15:25:16'),
(1102, 2630086, 8, '1.34', '2017-08-22 15:25:16'),
(1103, 2630086, 9, '3.30', '2017-08-22 15:25:16'),
(1104, 2630086, 10, '1.89', '2017-08-22 15:25:16'),
(1105, 2630086, 11, '2.55', '2017-08-22 15:25:16'),
(1106, 2630086, 12, '1', '2017-08-22 15:25:16'),
(1107, 2630086, 13, '1', '2017-08-22 15:25:16'),
(1108, 2630088, 1, '2.00', '2017-08-22 15:25:16'),
(1109, 2630088, 2, '3.00', '2017-08-22 15:25:16'),
(1110, 2630088, 3, '3.40', '2017-08-22 15:25:16'),
(1111, 2630088, 4, '1.50', '2017-08-22 15:25:16'),
(1112, 2630088, 5, '2.20', '2017-08-22 15:25:16'),
(1113, 2630088, 6, '1.21', '2017-08-22 15:25:16'),
(1114, 2630088, 7, '1.62', '2017-08-22 15:25:16'),
(1115, 2630088, 8, '1.32', '2017-08-22 15:25:17'),
(1116, 2630088, 9, '2.30', '2017-08-22 15:25:17'),
(1117, 2630088, 10, '1.89', '2017-08-22 15:25:17'),
(1118, 2630088, 11, '3.70', '2017-08-22 15:25:17'),
(1119, 2630088, 12, '1', '2017-08-22 15:25:17'),
(1120, 2630088, 13, '1', '2017-08-22 15:25:17'),
(1121, 2626665, 1, '1.10', '2017-08-22 15:25:17'),
(1122, 2626665, 2, '7.90', '2017-08-22 15:25:17'),
(1123, 2626665, 3, '13.00', '2017-08-22 15:25:17'),
(1124, 2626665, 4, '2.45', '2017-08-22 15:25:17'),
(1125, 2626665, 5, '1.35', '2017-08-22 15:25:17'),
(1126, 2626665, 6, '1.01', '2017-08-22 15:25:17'),
(1127, 2626665, 7, '3.94', '2017-08-22 15:25:17'),
(1128, 2626665, 8, '1.04', '2017-08-22 15:25:17'),
(1129, 2626665, 9, '1.12', '2017-08-22 15:25:17'),
(1130, 2626665, 10, '2.20', '2017-08-22 15:25:17'),
(1131, 2626665, 11, '12.00', '2017-08-22 15:25:17'),
(1132, 2626665, 12, '1', '2017-08-22 15:25:17'),
(1133, 2626665, 13, '1', '2017-08-22 15:25:17');

-- --------------------------------------------------------

--
-- Estructura de tabla para la tabla `equipo`
--

CREATE TABLE `equipo` (
  `ID_EQUIPO` int(11) NOT NULL,
  `NOMBRE` varchar(20) NOT NULL,
  `IMG` varchar(20) DEFAULT NULL
) ENGINE=InnoDB DEFAULT CHARSET=latin1;

--
-- Volcado de datos para la tabla `equipo`
--

INSERT INTO `equipo` (`ID_EQUIPO`, `NOMBRE`, `IMG`) VALUES
(5, 'Blackburn Rovers', NULL),
(8, 'Newcastle United', NULL),
(11, 'West Ham United', NULL),
(15, 'Southampton', NULL),
(19, 'Liverpool', NULL),
(848, 'FC Kobenhavn', NULL),
(854, 'Viborg', NULL),
(936, 'Gil Vicente', NULL),
(939, 'Sporting CP', NULL),
(978, 'Burnley', NULL),
(987, 'Nottingham Forest', NULL),
(990, 'Rotherham United', NULL),
(998, 'Wolverhampton Wander', NULL),
(1009, 'Huddersfield Town', NULL),
(1017, 'Stoke City', NULL),
(1025, 'Cheltenham Town', NULL),
(1039, 'Rochdale', NULL),
(1104, 'BSC Young Boys', NULL),
(1786, 'FC Fredericia', NULL),
(1789, 'HB Koge', NULL),
(1792, 'Vejle Boldklub Koldi', NULL),
(1800, 'Santa Clara', NULL),
(1802, 'Varzim', NULL),
(1806, 'Fremad Amager', NULL),
(1809, 'Vendsyssel FF', NULL),
(5877, 'SK Slavia Praha', NULL),
(7260, 'Steaua Bucuresti', NULL),
(14727, 'FC Roskilde', NULL),
(14904, 'APOEL Nicosia', NULL),
(14927, 'Academica', NULL),
(14928, 'Nacional', NULL),
(14955, 'Estudiantes de La Pl', NULL),
(15028, 'Zalaegerszegi TE', NULL),
(15091, 'Rakow Czestochowa', NULL),
(15096, 'Stal Mielec', NULL),
(15481, 'Famalicao', NULL),
(15484, 'Uniao Madeira', NULL),
(16740, 'TSG 1899 Hoffenheim', NULL),
(23959, 'Leixoes', NULL),
(23962, 'CSKA Moskva', NULL),
(76600, 'FC Dallas', NULL),
(76603, 'Columbus Crew', NULL),
(76604, 'LA Galaxy', NULL),
(76607, 'DC United', NULL),
(76608, 'Colorado Rapids', NULL),
(76609, 'SJ Earthquakes', NULL),
(77043, 'Tigres UANL', NULL),
(77048, 'Monterrey', NULL),
(77052, 'Club America', NULL),
(77054, 'Puebla', NULL),
(77056, 'Cruz Azul', NULL),
(77057, 'Necaxa', NULL),
(77058, 'Toluca', NULL),
(77059, 'Santos Laguna', NULL),
(77688, 'Flamengo', NULL),
(77695, 'Gremio', NULL),
(77696, 'Corinthians', NULL),
(77702, 'Cruzeiro', NULL),
(79465, 'Brabrand', NULL),
(79477, 'Gornik Leczna', NULL),
(80458, 'MTK Budapest', NULL),
(86713, 'Chivas Guadalajara', NULL),
(86854, 'Botafogo', NULL),
(90376, 'FK Karabakh', NULL),
(92044, 'Penafiel', NULL),
(93893, 'Thisted FC Elite', NULL),
(100665, 'Tomsk', NULL),
(100984, 'Real Salt Lake', NULL),
(101606, 'Guabira', NULL),
(116907, 'Nacional Asuncion', NULL),
(116993, 'Universidad Catolica', NULL),
(117974, 'Urawa Reds', NULL),
(117978, 'Kawasaki Frontale', NULL),
(118946, 'Arouca', NULL),
(119742, 'Houston Dynamo', NULL),
(121940, 'Spartak Nalchik', NULL),
(130887, 'Huachipato', NULL),
(130892, 'Coquimbo Unido', NULL),
(130989, 'Vac FC', NULL),
(131482, 'Zaglebie Sosnowiec', NULL),
(131483, 'Miedz Legnica', NULL),
(131487, 'Odra Opole', NULL),
(132465, 'Melbourne Victory FC', NULL),
(132466, 'Adelaide United FC', NULL),
(146416, 'Toronto FC', NULL),
(148694, 'Portland Timbers', NULL),
(148696, 'Vancouver Whitecaps', NULL),
(148697, 'Seattle Sounders', NULL),
(153086, 'BFC Siofok', NULL),
(153087, 'Nyiregyhaza Spartacu', NULL),
(153120, 'Seongnam Ilhwa Chunm', NULL),
(153923, 'GKS Gieksa Katowice', NULL),
(164844, 'Chapecoense', NULL),
(166924, 'San Jose Oruro', NULL),
(175005, 'Kaizer Chiefs', NULL),
(176006, 'Baltika', NULL),
(176035, 'Sibir', NULL),
(176036, 'FC Orenburg', NULL),
(197114, 'SuperSport United', NULL),
(201085, 'Ajax Cape Town', NULL),
(201203, 'Chernomorets Novoros', NULL),
(201600, 'Daejeon Citizen', NULL),
(201602, 'Busan Ipark', NULL),
(201607, 'Gyeongnam FC', NULL),
(206771, 'Torpedo Vladimir', NULL),
(207601, 'Olimpia Grudziadz', NULL),
(207632, 'Wigry Suwalki', NULL),
(208232, 'Bidvest Wits', NULL),
(208233, 'Cape Town City', NULL),
(208234, 'Bloem Celtic', NULL),
(208235, 'Free State Stars', NULL),
(208236, 'Golden Arrows', NULL),
(208239, 'Maritzburg United', NULL),
(208241, 'Platinum Stars', NULL),
(215874, 'Szolnoki MAV', NULL),
(217079, 'San Luis', NULL),
(219554, 'Union San Felipe', NULL),
(222781, 'Irtysh Omsk', NULL),
(222782, 'Rotor', NULL),
(224216, 'Philadelphia Union', NULL),
(224633, 'Sydney United', NULL),
(224663, 'South Melbourne', NULL),
(224672, 'Heidelberg United', NULL),
(224682, 'Sorrento', NULL),
(228228, 'Atletico Venezuela', NULL),
(228502, 'Puszcza Niepolomice', NULL),
(228504, 'Chojniczanka Chojnic', NULL),
(235639, 'Leon', NULL),
(238102, 'Fakel Voronezh', NULL),
(241635, 'Sokol Saratov', NULL),
(241652, 'Znamja Truda', NULL),
(241657, 'Dynamo St.Petersburg', NULL),
(241697, 'FC Tyumen', NULL),
(243507, 'Suwon City', NULL),
(244547, 'Chrobry Glogow', NULL),
(244548, 'Drutex-Bytovia Bytow', NULL),
(244555, 'Pogon Siedlce', NULL),
(249570, 'Gyirmot SE', NULL),
(270526, 'Volgar Astrakhan', NULL),
(271236, 'Benfica B', NULL),
(271237, 'Braga B', NULL),
(271238, 'Porto B', NULL),
(271239, 'Sporting B', NULL),
(280521, 'Academico Viseu', NULL),
(296728, 'FC Anyang', NULL),
(301672, 'Deportes Temuco', NULL),
(301983, 'Nykobing FC', NULL),
(302857, 'FC Tambov', NULL),
(307515, 'Varda SE', NULL),
(307517, 'Cegledi VSE', NULL),
(310660, 'Cova da Piedade', NULL),
(321397, 'Bucheon FC 1995', NULL),
(323304, 'Chertanovo', NULL),
(323434, 'Ansan Police FC', NULL),
(326359, 'Szeged 2011', NULL),
(326360, 'Csakvari TK', NULL),
(326361, 'Soroksar SC', NULL),
(333060, 'Seoul E-Land FC', NULL),
(340237, 'Kazincbarcikai SC', NULL),
(340366, 'FC Volga-Olimpiyets', NULL),
(340529, 'Energomash Belgorod', NULL),
(340961, 'Dorogi FC', NULL),
(371153, 'Atlanta United', NULL),
(371641, 'Ansan Greeners', NULL),
(376876, 'FC Ararat Moscow', NULL),
(378471, 'Pacairigua SC', NULL),
(50030444, 'Futura Mosonmagyarov', NULL),
(50041075, 'Gold Coast City', NULL),
(50041754, 'Bekescsaba 1912', NULL),
(50051767, 'Budaorsi SC', NULL),
(50062261, 'Soproni VSE', NULL),
(50072263, 'Budafoki MTE', NULL),
(50072897, 'Gy?ri ETO', NULL),
(50095722, 'Moreton Bay United J', NULL);

-- --------------------------------------------------------

--
-- Estructura de tabla para la tabla `pais`
--

CREATE TABLE `pais` (
  `ID_PAIS` bigint(20) NOT NULL,
  `NOMBRE` varchar(30) DEFAULT NULL,
  `IMG` text
) ENGINE=InnoDB DEFAULT CHARSET=latin1;

--
-- Volcado de datos para la tabla `pais`
--

INSERT INTO `pais` (`ID_PAIS`, `NOMBRE`, `IMG`) VALUES
(4, 'Estados Unidos', NULL),
(14, 'Sudáfrica', NULL),
(22, 'Polonia', NULL),
(55, 'Croacia', NULL),
(57, 'Hungary', NULL),
(71, 'Bolivia', NULL),
(76, 'Portugal', NULL),
(78, 'Romania', NULL),
(79, 'Rusia', NULL),
(123, 'Norway', NULL),
(135, 'Dinamarca', NULL),
(147, 'Francia', NULL),
(154, 'South Korea', NULL),
(161, 'Alemania', NULL),
(172, 'Australia', NULL),
(183, 'Brazil', NULL),
(195, 'Chile', NULL),
(218, 'Mexico', NULL),
(231, 'Venezuela', NULL),
(238, 'Iran', NULL),
(243, 'Inglaterra', NULL),
(248, 'International', NULL);

-- --------------------------------------------------------

--
-- Estructura de tabla para la tabla `partido`
--

CREATE TABLE `partido` (
  `ID_PARTIDO` int(11) NOT NULL,
  `ID_COMPETENCIA` int(11) NOT NULL,
  `FECHA` date DEFAULT NULL,
  `HORARIO` time DEFAULT NULL,
  `ESTADO` varchar(10) DEFAULT NULL,
  `LOCAL` varchar(40) NOT NULL,
  `VISITANTE` varchar(40) NOT NULL,
  `SCORE_1` int(3) DEFAULT NULL,
  `SCORE_2` int(3) DEFAULT NULL,
  `SCORE_1_HT` int(3) DEFAULT NULL,
  `SCORE_2_HT` int(3) DEFAULT NULL,
  `AUTORIZADO` varchar(2) DEFAULT 'NO',
  `VERIFICADO` varchar(2) DEFAULT 'NO',
  `FECHALOG` timestamp NOT NULL DEFAULT CURRENT_TIMESTAMP ON UPDATE CURRENT_TIMESTAMP
) ENGINE=InnoDB DEFAULT CHARSET=latin1;

--
-- Volcado de datos para la tabla `partido`
--

INSERT INTO `partido` (`ID_PARTIDO`, `ID_COMPETENCIA`, `FECHA`, `HORARIO`, `ESTADO`, `LOCAL`, `VISITANTE`, `SCORE_1`, `SCORE_2`, `SCORE_1_HT`, `SCORE_2_HT`, `AUTORIZADO`, `VERIFICADO`, `FECHALOG`) VALUES
(2432769, 2404679, '2017-08-23', '05:00:00', 'NSY', '201607', '201600', NULL, NULL, NULL, NULL, 'NO', 'NO', '2017-08-22 15:25:10'),
(2432770, 2404679, '2017-08-23', '05:30:00', 'NSY', '371641', '296728', NULL, NULL, NULL, NULL, 'NO', 'NO', '2017-08-22 15:25:11'),
(2432771, 2404679, '2017-08-23', '05:30:00', 'NSY', '243507', '321397', NULL, NULL, NULL, NULL, 'NO', 'NO', '2017-08-22 15:25:12'),
(2432772, 2404679, '2017-08-23', '06:00:00', 'NSY', '153120', '201602', NULL, NULL, NULL, NULL, 'NO', 'NO', '2017-08-22 15:25:13'),
(2432773, 2404679, '2017-08-23', '06:00:00', 'NSY', '333060', '323434', NULL, NULL, NULL, NULL, 'NO', 'NO', '2017-08-22 15:25:12'),
(2444876, 2444576, '2017-08-23', '19:00:00', 'NSY', '146416', '224216', NULL, NULL, NULL, NULL, 'NO', 'NO', '2017-08-22 15:17:55'),
(2444878, 2444576, '2017-08-23', '21:00:00', 'NSY', '148696', '148697', NULL, NULL, NULL, NULL, 'NO', 'NO', '2017-08-22 15:17:56'),
(2444879, 2444576, '2017-08-23', '18:30:00', 'NSY', '76603', '76604', NULL, NULL, NULL, NULL, 'NO', 'NO', '2017-08-22 15:17:53'),
(2444880, 2444576, '2017-08-23', '18:30:00', 'NSY', '76607', '371153', NULL, NULL, NULL, NULL, 'NO', 'NO', '2017-08-22 15:17:54'),
(2444881, 2444576, '2017-08-23', '19:00:00', 'NSY', '76600', '119742', NULL, NULL, NULL, NULL, 'NO', 'NO', '2017-08-22 15:17:55'),
(2444882, 2444576, '2017-08-23', '21:00:00', 'NSY', '100984', '76609', NULL, NULL, NULL, NULL, 'NO', 'NO', '2017-08-22 15:17:57'),
(2444883, 2444576, '2017-08-23', '21:30:00', 'NSY', '148694', '76608', NULL, NULL, NULL, NULL, 'NO', 'NO', '2017-08-22 15:17:57'),
(2512753, 2512538, '2017-08-23', '17:30:00', 'NSY', '164844', '77696', NULL, NULL, NULL, NULL, 'NO', 'NO', '2017-08-22 15:17:47'),
(2530565, 2530535, '2017-08-23', '11:00:00', 'NSY', '854', '1786', NULL, NULL, NULL, NULL, 'NO', 'NO', '2017-08-22 15:17:53'),
(2530566, 2530535, '2017-08-23', '11:00:00', 'NSY', '1792', '79465', NULL, NULL, NULL, NULL, 'NO', 'NO', '2017-08-22 15:17:51'),
(2530568, 2530535, '2017-08-23', '11:00:00', 'NSY', '93893', '1809', NULL, NULL, NULL, NULL, 'NO', 'NO', '2017-08-22 15:17:52'),
(2530569, 2530535, '2017-08-23', '11:00:00', 'NSY', '14727', '1789', NULL, NULL, NULL, NULL, 'NO', 'NO', '2017-08-22 15:17:50'),
(2530570, 2530535, '2017-08-23', '11:00:00', 'NSY', '301983', '1806', NULL, NULL, NULL, NULL, 'NO', 'NO', '2017-08-22 15:17:51'),
(2546148, 2546009, '2017-08-23', '19:00:00', 'NSY', '77052', '77043', NULL, NULL, NULL, NULL, 'NO', 'NO', '2017-08-22 15:18:14'),
(2546152, 2546009, '2017-08-23', '20:30:00', 'NSY', '77059', '86713', NULL, NULL, NULL, NULL, 'NO', 'NO', '2017-08-22 15:18:16'),
(2546153, 2546009, '2017-08-23', '20:00:00', 'NSY', '77054', '235639', NULL, NULL, NULL, NULL, 'NO', 'NO', '2017-08-22 15:18:15'),
(2546154, 2546009, '2017-08-23', '21:00:00', 'NSY', '77048', '77058', NULL, NULL, NULL, NULL, 'NO', 'NO', '2017-08-22 15:18:17'),
(2546155, 2546009, '2017-08-23', '21:00:00', 'NSY', '77057', '77056', NULL, NULL, NULL, NULL, 'NO', 'NO', '2017-08-22 15:18:16'),
(2548795, 2524804, '2017-08-23', '13:45:00', 'NSY', '153923', '228504', NULL, NULL, NULL, NULL, 'NO', 'NO', '2017-08-22 15:18:22'),
(2548796, 2524804, '2017-08-23', '10:00:00', 'NSY', '131487', '15091', NULL, NULL, NULL, NULL, 'NO', 'NO', '2017-08-22 15:18:18'),
(2548797, 2524804, '2017-08-23', '12:00:00', 'NSY', '131482', '228502', NULL, NULL, NULL, NULL, 'NO', 'NO', '2017-08-22 15:18:19'),
(2548798, 2524804, '2017-08-23', '11:00:00', 'NSY', '207632', '131483', NULL, NULL, NULL, NULL, 'NO', 'NO', '2017-08-22 15:18:18'),
(2548799, 2524804, '2017-08-23', '12:00:00', 'NSY', '15096', '244555', NULL, NULL, NULL, NULL, 'NO', 'NO', '2017-08-22 15:18:21'),
(2548800, 2524804, '2017-08-23', '12:00:00', 'NSY', '244547', '79477', NULL, NULL, NULL, NULL, 'NO', 'NO', '2017-08-22 15:18:19'),
(2548801, 2524804, '2017-08-23', '12:00:00', 'NSY', '244548', '207601', NULL, NULL, NULL, NULL, 'NO', 'NO', '2017-08-22 15:18:20'),
(2591026, 2590991, '2017-08-23', '11:00:00', 'NSY', '118946', '280521', NULL, NULL, NULL, NULL, 'NO', 'NO', '2017-08-22 15:18:27'),
(2591027, 2590991, '2017-08-23', '11:00:00', 'NSY', '271236', '1802', NULL, NULL, NULL, NULL, 'NO', 'NO', '2017-08-22 15:18:27'),
(2591028, 2590991, '2017-08-23', '10:00:00', 'NSY', '936', '15484', NULL, NULL, NULL, NULL, 'NO', 'NO', '2017-08-22 15:18:25'),
(2591030, 2590991, '2017-08-23', '10:00:00', 'NSY', '23959', '271238', NULL, NULL, NULL, NULL, 'NO', 'NO', '2017-08-22 15:18:23'),
(2591031, 2590991, '2017-08-23', '10:00:00', 'NSY', '14928', '15481', NULL, NULL, NULL, NULL, 'NO', 'NO', '2017-08-22 15:18:24'),
(2591033, 2590991, '2017-08-23', '11:00:00', 'NSY', '92044', '271237', NULL, NULL, NULL, NULL, 'NO', 'NO', '2017-08-22 15:18:26'),
(2591034, 2590991, '2017-08-23', '10:00:00', 'NSY', '1800', '14927', NULL, NULL, NULL, NULL, 'NO', 'NO', '2017-08-22 15:18:24'),
(2591035, 2590991, '2017-08-23', '10:00:00', 'NSY', '271239', '310660', NULL, NULL, NULL, NULL, 'NO', 'NO', '2017-08-22 15:18:22'),
(2618378, 2618359, '2017-08-23', '05:00:00', 'NSY', '117978', '117974', NULL, NULL, NULL, NULL, 'NO', 'NO', '2017-08-22 15:18:09'),
(2620626, 2439299, '2017-08-23', '19:45:00', 'NSY', '77688', '86854', NULL, NULL, NULL, NULL, 'NO', 'NO', '2017-08-22 15:17:47'),
(2620627, 2439299, '2017-08-23', '19:45:00', 'NSY', '77702', '77695', NULL, NULL, NULL, NULL, 'NO', 'NO', '2017-08-22 15:17:46'),
(2623777, 2615602, '2017-08-23', '13:45:00', 'NSY', '848', '90376', NULL, NULL, NULL, NULL, 'NO', 'NO', '2017-08-22 15:18:12'),
(2623778, 2615602, '2017-08-23', '13:45:00', 'NSY', '5877', '14904', NULL, NULL, NULL, NULL, 'NO', 'NO', '2017-08-22 15:18:13'),
(2623783, 2615602, '2017-08-23', '13:45:00', 'NSY', '23962', '1104', NULL, NULL, NULL, NULL, 'NO', 'NO', '2017-08-22 15:18:13'),
(2623787, 2615602, '2017-08-23', '13:45:00', 'NSY', '19', '16740', NULL, NULL, NULL, NULL, 'NO', 'NO', '2017-08-22 15:18:11'),
(2623788, 2615602, '2017-08-23', '13:45:00', 'NSY', '7260', '939', NULL, NULL, NULL, NULL, 'NO', 'NO', '2017-08-22 15:18:11'),
(2626665, 2626641, '2017-08-23', '09:00:00', 'NSY', '228228', '378471', NULL, NULL, NULL, NULL, 'NO', 'NO', '2017-08-22 15:25:17'),
(2627541, 2627536, '2017-08-23', '19:45:00', 'NSY', '116907', '14955', NULL, NULL, NULL, NULL, 'NO', 'NO', '2017-08-22 15:18:10'),
(2627644, 2538650, '2017-08-23', '13:45:00', 'NSY', '5', '978', NULL, NULL, NULL, NULL, 'NO', 'NO', '2017-08-22 15:18:07'),
(2627649, 2538650, '2017-08-23', '13:45:00', 'NSY', '1025', '11', NULL, NULL, NULL, NULL, 'NO', 'NO', '2017-08-22 15:18:05'),
(2627653, 2538650, '2017-08-23', '13:45:00', 'NSY', '1009', '990', NULL, NULL, NULL, NULL, 'NO', 'NO', '2017-08-22 15:18:07'),
(2627661, 2538650, '2017-08-23', '13:45:00', 'NSY', '15', '998', NULL, NULL, NULL, NULL, 'NO', 'NO', '2017-08-22 15:18:08'),
(2627662, 2538650, '2017-08-23', '14:00:00', 'NSY', '1017', '1039', NULL, NULL, NULL, NULL, 'NO', 'NO', '2017-08-22 15:18:09'),
(2627664, 2538650, '2017-08-23', '13:45:00', 'NSY', '8', '987', NULL, NULL, NULL, NULL, 'NO', 'NO', '2017-08-22 15:18:06'),
(2630085, 2630071, '2017-08-23', '12:30:00', 'NSY', '208233', '208241', NULL, NULL, NULL, NULL, 'NO', 'NO', '2017-08-22 15:25:14'),
(2630086, 2630071, '2017-08-23', '12:30:00', 'NSY', '208235', '208232', NULL, NULL, NULL, NULL, 'NO', 'NO', '2017-08-22 15:25:16'),
(2630087, 2630071, '2017-08-23', '12:30:00', 'NSY', '208236', '208234', NULL, NULL, NULL, NULL, 'NO', 'NO', '2017-08-22 15:25:14'),
(2630088, 2630071, '2017-08-23', '12:30:00', 'NSY', '175005', '197114', NULL, NULL, NULL, NULL, 'NO', 'NO', '2017-08-22 15:25:16'),
(2630089, 2630071, '2017-08-23', '12:30:00', 'NSY', '208239', '201085', NULL, NULL, NULL, NULL, 'NO', 'NO', '2017-08-22 15:25:15'),
(699912226, 50011842, '2017-08-23', '16:00:00', 'NSY', '301672', '219554', NULL, NULL, NULL, NULL, 'NO', 'NO', '2017-08-22 15:17:48'),
(699912230, 50011842, '2017-08-23', '17:30:00', 'NSY', '217079', '130892', NULL, NULL, NULL, NULL, 'NO', 'NO', '2017-08-22 15:17:49'),
(699922511, 50011842, '2017-08-23', '18:00:00', 'NSY', '116993', '130887', NULL, NULL, NULL, NULL, 'NO', 'NO', '2017-08-22 15:17:49'),
(699933697, 50004908, '2017-08-23', '10:30:00', 'NSY', '130989', '50062261', NULL, NULL, NULL, NULL, 'NO', 'NO', '2017-08-22 15:17:58'),
(699933698, 50004908, '2017-08-23', '10:30:00', 'NSY', '215874', '80458', NULL, NULL, NULL, NULL, 'NO', 'NO', '2017-08-22 15:18:00'),
(699933701, 50004908, '2017-08-23', '10:30:00', 'NSY', '50051767', '340237', NULL, NULL, NULL, NULL, 'NO', 'NO', '2017-08-22 15:17:59'),
(699933705, 50004908, '2017-08-23', '12:00:00', 'NSY', '326360', '15028', NULL, NULL, NULL, NULL, 'NO', 'NO', '2017-08-22 15:18:04'),
(699933709, 50004908, '2017-08-23', '10:30:00', 'NSY', '307517', '50072897', NULL, NULL, NULL, NULL, 'NO', 'NO', '2017-08-22 15:18:01'),
(699933710, 50004908, '2017-08-23', '10:30:00', 'NSY', '50072263', '326359', NULL, NULL, NULL, NULL, 'NO', 'NO', '2017-08-22 15:17:59'),
(699933711, 50004908, '2017-08-23', '12:00:00', 'NSY', '249570', '340961', NULL, NULL, NULL, NULL, 'NO', 'NO', '2017-08-22 15:18:03'),
(699933712, 50004908, '2017-08-23', '12:00:00', 'NSY', '153086', '307515', NULL, NULL, NULL, NULL, 'NO', 'NO', '2017-08-22 15:18:04'),
(699933713, 50004908, '2017-08-23', '12:00:00', 'NSY', '50041754', '50030444', NULL, NULL, NULL, NULL, 'NO', 'NO', '2017-08-22 15:18:02'),
(699933714, 50004908, '2017-08-23', '10:45:00', 'NSY', '153087', '326361', NULL, NULL, NULL, NULL, 'NO', 'NO', '2017-08-22 15:18:02'),
(699933717, 50008459, '2017-08-23', '11:00:00', 'NSY', '340529', '302857', NULL, NULL, NULL, NULL, 'NO', 'NO', '2017-08-22 15:25:09'),
(699933718, 50008459, '2017-08-23', '10:00:00', 'NSY', '241635', '176036', NULL, NULL, NULL, NULL, 'NO', 'NO', '2017-08-22 15:25:06'),
(699933731, 50007869, '2017-08-23', '04:30:00', 'NSY', '224633', '224672', NULL, NULL, NULL, NULL, 'NO', 'NO', '2017-08-22 15:17:43'),
(699933732, 50007869, '2017-08-23', '04:30:00', 'NSY', '50095722', '50041075', NULL, NULL, NULL, NULL, 'NO', 'NO', '2017-08-22 15:17:45'),
(699933733, 50007869, '2017-08-23', '04:30:00', 'NSY', '224663', '224682', NULL, NULL, NULL, NULL, 'NO', 'NO', '2017-08-22 14:14:08'),
(699933734, 50007869, '2017-08-23', '04:30:00', 'NSY', '132466', '132465', NULL, NULL, NULL, NULL, 'NO', 'NO', '2017-08-22 15:17:44'),
(699933802, 50008459, '2017-08-23', '10:30:00', 'NSY', '206771', '340366', NULL, NULL, NULL, NULL, 'NO', 'NO', '2017-08-22 15:25:08'),
(699933813, 50008459, '2017-08-23', '11:00:00', 'NSY', '376876', '176006', NULL, NULL, NULL, NULL, 'NO', 'NO', '2017-08-22 15:25:10'),
(699933814, 50008459, '2017-08-23', '10:30:00', 'NSY', '121940', '201203', NULL, NULL, NULL, NULL, 'NO', 'NO', '2017-08-22 15:25:08'),
(699934165, 50013231, '2017-08-23', '14:00:00', 'NSY', '101606', '166924', NULL, NULL, NULL, NULL, 'NO', 'NO', '2017-08-22 15:17:46'),
(699942817, 50008459, '2017-08-23', '09:00:00', 'NSY', '241697', '176035', NULL, NULL, NULL, NULL, 'NO', 'NO', '2017-08-22 15:25:05'),
(699942818, 50008459, '2017-08-23', '08:30:00', 'NSY', '241652', '238102', NULL, NULL, NULL, NULL, 'NO', 'NO', '2017-08-22 15:25:04'),
(699943024, 50008459, '2017-08-23', '06:30:00', 'NSY', '222781', '100665', NULL, NULL, NULL, NULL, 'NO', 'NO', '2017-08-22 15:18:28'),
(699943025, 50008459, '2017-08-23', '10:00:00', 'NSY', '222782', '270526', NULL, NULL, NULL, NULL, 'NO', 'NO', '2017-08-22 15:25:07'),
(699943027, 50008459, '2017-08-23', '09:00:00', 'NSY', '323304', '241657', NULL, NULL, NULL, NULL, 'NO', 'NO', '2017-08-22 15:25:05');

-- --------------------------------------------------------

--
-- Estructura de tabla para la tabla `tipo_cuota`
--

CREATE TABLE `tipo_cuota` (
  `ID_TIPO` int(11) NOT NULL,
  `NOMBRE` varchar(15) NOT NULL,
  `DESCRIPCION` varchar(40) DEFAULT NULL
) ENGINE=InnoDB DEFAULT CHARSET=latin1;

--
-- Volcado de datos para la tabla `tipo_cuota`
--

INSERT INTO `tipo_cuota` (`ID_TIPO`, `NOMBRE`, `DESCRIPCION`) VALUES
(1, '_1', 'Gana Local'),
(2, '_X', 'Empate'),
(3, '_2', 'Gana Visitante'),
(4, 'under', 'Menos de 2.5 Goles'),
(5, 'over', 'Más de 2.5 Goles'),
(6, '_1X', 'Gana ó empata local'),
(7, '_2X', 'Gana ó empata visitante'),
(8, '_12', 'No hay empate'),
(9, '_1HT', 'Gana local 1er Tiempo'),
(10, '_XHT', 'Empate 1er Tiempo'),
(11, '_2HT', 'Gana Visitante 1er Tiempo'),
(12, 'GG', 'Ambos equipos marcan'),
(13, 'NG', 'Solo un equipo marca');

-- --------------------------------------------------------

--
-- Estructura de tabla para la tabla `usuario`
--

CREATE TABLE `usuario` (
  `CEDULA` varchar(20) NOT NULL,
  `P_NOMBRE` varchar(20) DEFAULT NULL,
  `S_NOMBRE` varchar(20) DEFAULT NULL,
  `P_APELIIDO` varchar(20) DEFAULT NULL,
  `S_APELLIDO` varchar(20) DEFAULT NULL,
  `EMAIL` varchar(30) DEFAULT NULL,
  `CLAVE` varchar(50) DEFAULT NULL,
  `USUARIO` varchar(10) DEFAULT NULL,
  `FECHA_NAC` date DEFAULT NULL,
  `DIRECCION` varchar(30) DEFAULT NULL,
  `TELEFONO` varchar(20) DEFAULT NULL,
  `SALDO` decimal(10,0) DEFAULT NULL
) ENGINE=InnoDB DEFAULT CHARSET=latin1;

--
-- Volcado de datos para la tabla `usuario`
--

INSERT INTO `usuario` (`CEDULA`, `P_NOMBRE`, `S_NOMBRE`, `P_APELIIDO`, `S_APELLIDO`, `EMAIL`, `CLAVE`, `USUARIO`, `FECHA_NAC`, `DIRECCION`, `TELEFONO`, `SALDO`) VALUES
('1110540682', 'Milton', NULL, 'Otavo', NULL, 'milton.otavo@gmail.com', 'admin', 'admin', NULL, NULL, NULL, NULL);

--
-- Índices para tablas volcadas
--

--
-- Indices de la tabla `competencia`
--
ALTER TABLE `competencia`
  ADD PRIMARY KEY (`ID_COMPETENCIA`),
  ADD KEY `ID_PAIS` (`ID_PAIS`);

--
-- Indices de la tabla `cuota`
--
ALTER TABLE `cuota`
  ADD PRIMARY KEY (`ID_CUOTA`),
  ADD KEY `ID_TIPO` (`ID_TIPO`),
  ADD KEY `ID_PARTIDO` (`ID_PARTIDO`);

--
-- Indices de la tabla `equipo`
--
ALTER TABLE `equipo`
  ADD PRIMARY KEY (`ID_EQUIPO`);

--
-- Indices de la tabla `pais`
--
ALTER TABLE `pais`
  ADD PRIMARY KEY (`ID_PAIS`);

--
-- Indices de la tabla `partido`
--
ALTER TABLE `partido`
  ADD PRIMARY KEY (`ID_PARTIDO`),
  ADD KEY `FK_TIENE` (`ID_COMPETENCIA`);

--
-- Indices de la tabla `tipo_cuota`
--
ALTER TABLE `tipo_cuota`
  ADD PRIMARY KEY (`ID_TIPO`);

--
-- Indices de la tabla `usuario`
--
ALTER TABLE `usuario`
  ADD PRIMARY KEY (`CEDULA`);

--
-- AUTO_INCREMENT de las tablas volcadas
--

--
-- AUTO_INCREMENT de la tabla `cuota`
--
ALTER TABLE `cuota`
  MODIFY `ID_CUOTA` bigint(20) NOT NULL AUTO_INCREMENT, AUTO_INCREMENT=1134;
--
-- AUTO_INCREMENT de la tabla `equipo`
--
ALTER TABLE `equipo`
  MODIFY `ID_EQUIPO` int(11) NOT NULL AUTO_INCREMENT, AUTO_INCREMENT=50095723;
--
-- AUTO_INCREMENT de la tabla `tipo_cuota`
--
ALTER TABLE `tipo_cuota`
  MODIFY `ID_TIPO` int(11) NOT NULL AUTO_INCREMENT, AUTO_INCREMENT=14;
/*!40101 SET CHARACTER_SET_CLIENT=@OLD_CHARACTER_SET_CLIENT */;
/*!40101 SET CHARACTER_SET_RESULTS=@OLD_CHARACTER_SET_RESULTS */;
/*!40101 SET COLLATION_CONNECTION=@OLD_COLLATION_CONNECTION */;
